{
    "Profile": "Egotist",
    "IDRange": [
        2,
        3
    ],
    "Egotism": [
        0.5698929264805637,
        0.6269336732648572,
        0.8422470331256546
    ],
    "Susceptibility": [
        0.1877416540029731,
        0.1462101971534929,
        0.0940080390691523
    ],
    "Idealism": [
        0.2423654195164633,
        0.2268561295816499,
        0.06374492780519303
    ]
}