{
    "Profile": "Balanced",
    "IDRange": [
        0,
        1
    ],
    "Egotism": [
        0.3239007171913336,
        0.27400395199070127,
        0.34356728855131713
    ],
    "Susceptibility": [
        0.3659232954609879,
        0.3757290161165014,
        0.2931979179795485
    ],
    "Idealism": [
        0.3101759873476785,
        0.3502670318927973,
        0.36323479346913434
    ]
}