{
    "Profile": "NotEgotist",
    "IDRange": [
        20,
        21
    ],
    "Egotism": [
        0.0,
        0.0,
        0.0
    ],
    "Susceptibility": [
        0.6859938907479188,
        0.5403869560044965,
        0.49818767250844087
    ],
    "Idealism": [
        0.3140061092520812,
        0.45961304399550357,
        0.5018123274915591
    ]
}