{
    "Profile": "NotIdealist",
    "IDRange": [
        18,
        19
    ],
    "Egotism": [
        0.3685042000148384,
        0.6573187573918027,
        0.32576600111608994
    ],
    "Susceptibility": [
        0.6314957999851616,
        0.3426812426081973,
        0.6742339988839101
    ],
    "Idealism": [
        0.0,
        0.0,
        0.0
    ]
}