{
    "Profile": "Idealist",
    "IDRange": [
        4,
        5
    ],
    "Egotism": [
        0.14715741100456192,
        0.18214037162715624,
        -0.01824143789302579
    ],
    "Susceptibility": [
        0.1216110500495014,
        0.21603670125629545,
        0.14237917914064727
    ],
    "Idealism": [
        0.7312315389459367,
        0.6018229271165483,
        0.8758622587523786
    ]
}