{
    "Profile": "NotSusceptible",
    "IDRange": [
        22,
        23
    ],
    "Egotism": [
        0.6970133479496223,
        0.6156156717468528,
        0.33199364480336824
    ],
    "Susceptibility": [
        0.0,
        0.0,
        0.0
    ],
    "Idealism": [
        0.3029866520503776,
        0.3843843282531471,
        0.6680063551966318
    ]
}