{
    "Profile": "Susceptible",
    "IDRange": [
        6,
        7,
        8,
        9,
        10,
        11,
        12,
        13,
        14,
        15,
        16,
        17
    ],
    "Egotism": [
        0.13859246396617947,
        0.061877441549707805,
        0.0795510559296513,
        0.10057405272605512,
        0.09869998751693076,
        0.33650899537260026,
        0.15414098604647208,
        0.05597303064112375,
        0.2012643383295769,
        0.3612633404212787,
        0.11786994546013195,
        0.20499862074612812,
        0.12074852963484002
    ],
    "Susceptibility": [
        0.5265360658417906,
        0.7231310478745084,
        0.6555139345439804,
        0.7956080144889379,
        0.7253778965770855,
        0.5154008032753883,
        0.7904570194320496,
        0.878860884091812,
        0.6567048667446793,
        0.5359809722093055,
        0.7511351133875264,
        0.5812085424702257,
        0.5557616706139417
    ],
    "Idealism": [
        0.33487147019202995,
        0.21499151057578375,
        0.2649350095263683,
        0.10381793278500696,
        0.17592211590598372,
        0.14809020135201145,
        0.055401994521478315,
        0.0651660852670643,
        0.14203079492574378,
        0.10275568736941576,
        0.13099494115234167,
        0.2137928367836462,
        0.32348979975121833
    ]
}