{
    "Profile": "NotEgotist",
    "IDRange": [
        32,
        33
    ],
    "Egotism": [
        0.0,
        0.0,
        0.0
    ],
    "Susceptibility": [
        0.683670525293202,
        0.565216027203294,
        0.500782132086602
    ],
    "Idealism": [
        0.3163294747067979,
        0.43478397279670605,
        0.49921786791339795
    ]
}