{
    "Profile": "NotSusceptible",
    "IDRange": [
        34,
        35
    ],
    "Egotism": [
        0.5311419206167438,
        0.6440002058660599,
        0.5676294810942488
    ],
    "Susceptibility": [
        0.0,
        0.0,
        0.0
    ],
    "Idealism": [
        0.4688580793832562,
        0.3559997941339401,
        0.4323705189057512
    ]
}