{
    "Profile": "NotIdealist",
    "IDRange": [
        30,
        31
    ],
    "Egotism": [
        0.5050001141199367,
        0.5345838410540742,
        0.49996715197838526
    ],
    "Susceptibility": [
        0.4949998858800633,
        0.4654161589459258,
        0.5000328480216147
    ],
    "Idealism": [
        0.0,
        0.0,
        0.0
    ]
}