{
    "Profile": "Susceptible",
    "IDRange": [
        28,
        29
    ],
    "Egotism": [
        0.10356801799956798,
        0.0870308113911284,
        0.36603592494954895
    ],
    "Susceptibility": [
        0.7285316129221608,
        0.821322886680858,
        0.5827556625562593
    ],
    "Idealism": [
        0.16790036907827116,
        0.09164630192801365,
        0.051208412494191724
    ]
}