{
    "Profile": "Egotist",
    "IDRange": [
        2,
        3,
        4,
        5,
        6,
        7,
        8,
        9,
        10,
        11,
        12,
        13,
        14,
        15,
        16,
        17,
        18,
        19,
        20,
        21,
        22,
        23,
        24,
        25
    ],
    "Egotism": [
        0.8327297933392781,
        0.700191178560182,
        0.5063779245116617,
        0.5970664757132369,
        0.7545573615220119,
        0.5188758092615767,
        0.5322616700986437,
        0.5158519972252549,
        0.6534971769575398,
        0.8784870608161565,
        0.8363407509195836,
        0.8128219344122772,
        0.5951124588058841,
        0.8943071981523549,
        0.589905757712763,
        0.6304296417539809,
        0.7187122268207118,
        0.8493862864490054,
        0.737056530868354,
        0.5720260775734715,
        0.8301151279960235,
        0.6286657098267125,
        0.6637568465624589,
        0.5847904987942767,
        0.6442071349970759
    ],
    "Susceptibility": [
        0.11110152606316842,
        0.05063348203728516,
        0.10087985626852355,
        0.301466909266056,
        0.12766985281615695,
        0.36848439763974766,
        0.23485552832621764,
        0.23043169087822873,
        0.0533892228997302,
        0.0528549255165699,
        0.09043757791389583,
        0.13602089370070292,
        0.0786115532589971,
        0.05007899092032267,
        0.2757764041915341,
        0.20458445252148294,
        0.12770543272707557,
        0.09652722188053933,
        0.11298566310264815,
        0.18707918599530693,
        0.08652745349746686,
        0.16534667324127378,
        0.0503499282231627,
        0.333013294400363,
        0.14592476074395155
    ],
    "Idealism": [
        0.05616868059755342,
        0.2491753394025329,
        0.39274221921981467,
        0.10146661502070708,
        0.11777278566183114,
        0.11263979309867567,
        0.23288280157513863,
        0.25371631189651644,
        0.2931136001427299,
        0.06865801366727364,
        0.07322167116652056,
        0.05115717188701985,
        0.3262759879351188,
        0.05561381092732243,
        0.13431783809570297,
        0.1649859057245362,
        0.15358234045221264,
        0.05408649167045532,
        0.1499578060289979,
        0.2408947364312216,
        0.08335741850650968,
        0.20598761693201362,
        0.2858932252143783,
        0.08219620680536033,
        0.2098681042589725
    ]
}