{
    "Profile": "Idealist",
    "IDRange": [
        26,
        27
    ],
    "Egotism": [
        0.09298293688104964,
        0.10913673229529286,
        0.2517973104797384
    ],
    "Susceptibility": [
        0.09997934268934865,
        0.14265908488126525,
        0.19015891127373497
    ],
    "Idealism": [
        0.8070377204296018,
        0.7482041828234419,
        0.5580437782465266
    ]
}