{
    "Profile": "Balanced",
    "IDRange": [
        0,
        1
    ],
    "Egotism": [
        0.28255350283324904,
        0.2602108243145535,
        0.3643035910520222
    ],
    "Susceptibility": [
        0.3383590438871188,
        0.36746464573533655,
        0.3001346589214252
    ],
    "Idealism": [
        0.37908745327963217,
        0.37232452995010995,
        0.3355617500265526
    ]
}