{
    "Profile": "Balanced",
    "IDRange": [],
    "Egotism": [
        0.3427197260524929
    ],
    "Susceptibility": [
        0.2596794585018537
    ],
    "Idealism": [
        0.3976008154456534
    ]
}