{
    "Profile": "NotSusceptible",
    "IDRange": [
        5
    ],
    "Egotism": [
        0.3873193814189029,
        0.6541651976630095
    ],
    "Susceptibility": [
        0.0,
        0.0
    ],
    "Idealism": [
        0.6126806185810971,
        0.3458348023369905
    ]
}