{
    "Profile": "Egotist",
    "IDRange": [
        0
    ],
    "Egotism": [
        0.5743238745695454,
        0.7830145117624083
    ],
    "Susceptibility": [
        0.2528617926567162,
        0.12984014498958635
    ],
    "Idealism": [
        0.17281433277373837,
        0.08714534324800538
    ]
}