{
    "Profile": "NotEgotist",
    "IDRange": [
        4
    ],
    "Egotism": [
        0.0,
        0.0
    ],
    "Susceptibility": [
        0.39562822785312224,
        0.42392899467477463
    ],
    "Idealism": [
        0.6043717721468778,
        0.5760710053252254
    ]
}