{
    "Profile": "Idealist",
    "IDRange": [
        1
    ],
    "Egotism": [
        0.14689257548810453,
        0.10522359817306004
    ],
    "Susceptibility": [
        0.08811974126528045,
        0.006923451821655241
    ],
    "Idealism": [
        0.764987683246615,
        0.8878529500052847
    ]
}