{
    "Profile": "Susceptible",
    "IDRange": [
        2
    ],
    "Egotism": [
        0.055695641111491744,
        0.18573324219068443
    ],
    "Susceptibility": [
        0.8892257180567196,
        0.5007311112218267
    ],
    "Idealism": [
        0.055078640831788685,
        0.3135356465874889
    ]
}