{
    "Profile": "NotIdealist",
    "IDRange": [
        3
    ],
    "Egotism": [
        0.48009459036917745,
        0.41411889522834433
    ],
    "Susceptibility": [
        0.5199054096308225,
        0.5858811047716557
    ],
    "Idealism": [
        0.0,
        0.0
    ]
}