{
    "Profile": "NotIdealist",
    "IDRange": [
        30,
        31,
        32,
        33,
        34,
        35,
        36,
        37,
        38,
        39
    ],
    "Egotism": [
        0.39609163395727887,
        0.5909427829190266,
        0.3109385867700603,
        0.5393578739873867,
        0.5593344756431731,
        0.5790568976881258,
        0.5109630854550153,
        0.47028888928334445,
        0.6470256914850403,
        0.661617678626299,
        0.511860470019391
    ],
    "Susceptibility": [
        0.6039083660427211,
        0.4090572170809734,
        0.6890614132299397,
        0.46064212601261334,
        0.44066552435682693,
        0.42094310231187415,
        0.48903691454498466,
        0.5297111107166556,
        0.3529743085149597,
        0.33838232137370094,
        0.48813952998060905
    ],
    "Idealism": [
        0.0,
        0.0,
        0.0,
        0.0,
        0.0,
        0.0,
        0.0,
        0.0,
        0.0,
        0.0,
        0.0
    ]
}