{
    "Profile": "NotEgotist",
    "IDRange": [
        40,
        41,
        42,
        43,
        44,
        45,
        46,
        47,
        48,
        49
    ],
    "Egotism": [
        0.0,
        0.0,
        0.0,
        0.0,
        0.0,
        0.0,
        0.0,
        0.0,
        0.0,
        0.0,
        0.0
    ],
    "Susceptibility": [
        0.39745637363253405,
        0.3253243171943573,
        0.5031252924853868,
        0.4837683780426554,
        0.4571715718389777,
        0.5225231251767093,
        0.5336013815301528,
        0.6574461114355741,
        0.5112717494770922,
        0.46119492471116963,
        0.5415039681427805
    ],
    "Idealism": [
        0.602543626367466,
        0.6746756828056427,
        0.4968747075146132,
        0.5162316219573446,
        0.5428284281610223,
        0.4774768748232907,
        0.4663986184698472,
        0.34255388856442587,
        0.4887282505229078,
        0.5388050752888304,
        0.4584960318572196
    ]
}