{
    "Profile": "Balanced",
    "IDRange": [],
    "Egotism": [
        0.3038679192120701
    ],
    "Susceptibility": [
        0.35111425577264493
    ],
    "Idealism": [
        0.3450178250152849
    ]
}