{
    "Profile": "Idealist",
    "IDRange": [
        10,
        11,
        12,
        13,
        14,
        15,
        16,
        17,
        18,
        19
    ],
    "Egotism": [
        0.17645169843234387,
        0.14699366491246768,
        -0.0019339249922979418,
        0.13449277872115328,
        0.22489405153499675,
        0.11001100223338534,
        0.31281406557368296,
        0.17905254734175435,
        0.12060424721948859,
        0.16007358541896277,
        0.09683308901174947
    ],
    "Susceptibility": [
        0.2698728051188358,
        0.027955457525086852,
        0.13739224959227606,
        0.12449492415947779,
        0.22538410406834994,
        0.12253729969631023,
        0.17861844545287947,
        0.15363223495620373,
        0.06064757297558884,
        0.30287028301378904,
        0.08711033390665808
    ],
    "Idealism": [
        0.5536754964488203,
        0.8250508775624454,
        0.8645416754000219,
        0.7410122971193689,
        0.5497218443966533,
        0.7674516980703044,
        0.5085674889734376,
        0.6673152177020419,
        0.8187481798049225,
        0.5370561315672482,
        0.8160565770815924
    ]
}