{
    "Profile": "NotSusceptible",
    "IDRange": [
        50,
        51,
        52,
        53,
        54,
        55,
        56,
        57,
        58,
        59
    ],
    "Egotism": [
        0.4360584616282004,
        0.5051478438657719,
        0.47165625365559793,
        0.36095660701045085,
        0.5192387754001517,
        0.41054283861358876,
        0.3981331622816525,
        0.4243972196085328,
        0.34161916306068807,
        0.3069128988492811,
        0.5231644999563424
    ],
    "Susceptibility": [
        0.0,
        0.0,
        0.0,
        0.0,
        0.0,
        0.0,
        0.0,
        0.0,
        0.0,
        0.0,
        0.0
    ],
    "Idealism": [
        0.5639415383717996,
        0.4948521561342281,
        0.5283437463444021,
        0.6390433929895492,
        0.48076122459984827,
        0.5894571613864112,
        0.6018668377183475,
        0.5756027803914672,
        0.6583808369393119,
        0.6930871011507189,
        0.4768355000436576
    ]
}