{
    "Profile": "Susceptible",
    "IDRange": [
        20,
        21,
        22,
        23,
        24,
        25,
        26,
        27,
        28,
        29
    ],
    "Egotism": [
        0.13485191632892723,
        0.2161810131397917,
        0.062452848507319664,
        0.0698614293025635,
        0.05809735389745655,
        0.19113465341904567,
        0.06577401016600651,
        0.0635818911538655,
        0.13320050665802485,
        0.17733648743784586,
        0.06432808805093286
    ],
    "Susceptibility": [
        0.5593368022726837,
        0.7208537710717672,
        0.6585655060676401,
        0.8015498956781228,
        0.8781903299847698,
        0.6396930036319352,
        0.8724426813767396,
        0.7526563985244813,
        0.8019756602043264,
        0.7568707650496898,
        0.8765553713664943
    ],
    "Idealism": [
        0.3058112813983891,
        0.06296521578844111,
        0.2789816454250402,
        0.12858867501931365,
        0.0637123161177737,
        0.16917234294901917,
        0.061783308457253855,
        0.1837617103216532,
        0.06482383313764872,
        0.06579274751246439,
        0.05911654058257283
    ]
}