{
    "Profile": "Egotist",
    "IDRange": [
        0,
        1,
        2,
        3,
        4,
        5,
        6,
        7,
        8,
        9
    ],
    "Egotism": [
        0.6998012181868674,
        0.7098018041795586,
        0.5254256595533594,
        0.771490346962799,
        0.7517368043686022,
        0.8552473393451523,
        0.823959701964134,
        0.7291735438642972,
        0.818100036776902,
        0.7361530757581762,
        0.8845911133702968
    ],
    "Susceptibility": [
        0.22961348652663904,
        0.16102007952090452,
        0.20205473712462818,
        0.06471868598292366,
        0.07105666913163135,
        0.05665005684547865,
        0.07978297221662968,
        0.08833211604055569,
        0.06092032453947693,
        0.08078720130360342,
        0.06383737750200043
    ],
    "Idealism": [
        0.0705852952864936,
        0.1291781162995369,
        0.2725196033220124,
        0.16379096705427743,
        0.17720652649976643,
        0.08810260380936907,
        0.0962573258192363,
        0.1824943400951471,
        0.12097963868362105,
        0.18305972293822037,
        0.0515715091277027
    ]
}