{
    "Profile": "NotIdealist",
    "IDRange": [
        36,
        37,
        38,
        39
    ],
    "Egotism": [
        0.3033211213807124,
        0.33906667138049873,
        0.4034646231830365,
        0.35567977843909016,
        0.545959191032678
    ],
    "Susceptibility": [
        0.6966788786192877,
        0.6609333286195013,
        0.5965353768169634,
        0.6443202215609098,
        0.454040808967322
    ],
    "Idealism": [
        0.0,
        0.0,
        0.0,
        0.0,
        0.0
    ]
}