{
    "Profile": "NotEgotist",
    "IDRange": [
        40,
        41,
        42,
        43
    ],
    "Egotism": [
        0.0,
        0.0,
        0.0,
        0.0,
        0.0
    ],
    "Susceptibility": [
        0.4768513556841121,
        0.6396504869104587,
        0.4743595487409302,
        0.6066374393610354,
        0.5974189144263538
    ],
    "Idealism": [
        0.5231486443158879,
        0.3603495130895413,
        0.5256404512590698,
        0.39336256063896463,
        0.40258108557364625
    ]
}