{
    "Profile": "Susceptible",
    "IDRange": [
        32,
        33,
        34,
        35
    ],
    "Egotism": [
        0.1803695677172228,
        0.05627088565486904,
        0.14872631739644698,
        0.05057144662570324,
        0.3239918739218718
    ],
    "Susceptibility": [
        0.6404990323936883,
        0.7861625948580184,
        0.7116597159518657,
        0.780444806633667,
        0.6218174235946436
    ],
    "Idealism": [
        0.17913139988908888,
        0.15756651948711253,
        0.1396139666516873,
        0.16898374674062977,
        0.054190702483484565
    ]
}