{
    "Profile": "Balanced",
    "IDRange": [
        0,
        1,
        2,
        3,
        4,
        5,
        6,
        7,
        8,
        9,
        10,
        11,
        12,
        13,
        14,
        15,
        16,
        17,
        18,
        19,
        20,
        21,
        22,
        23
    ],
    "Egotism": [
        0.2986387997857838,
        0.2789792965917696,
        0.25057765553915984,
        0.2628298215945843,
        0.30037148182129764,
        0.3728621393926517,
        0.3191470560605019,
        0.2805225306856138,
        0.29159723735062276,
        0.3116249118885989,
        0.33556642349586996,
        0.29065686565723226,
        0.34578392793150536,
        0.3217067124888628,
        0.29432202185524065,
        0.3440474442985476,
        0.2758864802152305,
        0.27206946356250805,
        0.28453357089940107,
        0.28565430567974504,
        0.2735229281541648,
        0.3051942996120667,
        0.3288794682498405,
        0.36787763967134457,
        0.3774177514176272
    ],
    "Susceptibility": [
        0.3643103662887641,
        0.29300517576145474,
        0.2821691913646502,
        0.32171455714484093,
        0.3188496108752682,
        0.25080860001147354,
        0.30487660387754606,
        0.25558338396590397,
        0.2956463096459984,
        0.30680487660100086,
        0.33433642504312083,
        0.2927840967661904,
        0.37014418258302345,
        0.3221155838397534,
        0.2905736436111946,
        0.37159801190143354,
        0.28697378674647944,
        0.2548816366680186,
        0.32082242387598736,
        0.30838932643198563,
        0.30606942389074315,
        0.37620038936881744,
        0.2632355620634957,
        0.373475313929921,
        0.2953613280688849
    ],
    "Idealism": [
        0.3370508339254521,
        0.4280155276467757,
        0.4672531530961899,
        0.4154556212605747,
        0.38077890730343417,
        0.37632926059587474,
        0.37597634006195196,
        0.46389408534848225,
        0.41275645300337876,
        0.3815702115104002,
        0.33009715146100915,
        0.4165590375765774,
        0.28407188948547124,
        0.35617770367138385,
        0.4151043345335648,
        0.2843545438000189,
        0.43713973303829007,
        0.4730488997694733,
        0.39464400522461157,
        0.4059563678882693,
        0.4204076479550921,
        0.3186053110191158,
        0.4078849696866639,
        0.2586470463987345,
        0.3272209205134879
    ]
}