{
    "Profile": "Egotist",
    "IDRange": [
        24,
        25,
        26,
        27
    ],
    "Egotism": [
        0.5651917052810154,
        0.8211116688564237,
        0.5015825475819737,
        0.6251975154452464,
        0.8930138757648396
    ],
    "Susceptibility": [
        0.3412612141468764,
        0.0687401565412396,
        0.10449365435604972,
        0.2035304341652917,
        0.051764663275507716
    ],
    "Idealism": [
        0.09354708057210825,
        0.11014817460233672,
        0.3939237980619765,
        0.17127205038946192,
        0.055221460959652635
    ]
}