{
    "Profile": "Idealist",
    "IDRange": [
        28,
        29,
        30,
        31
    ],
    "Egotism": [
        0.01142890309019784,
        0.1477890858205606,
        -0.003724446266287873,
        0.15719032375266573,
        0.14282750727502647
    ],
    "Susceptibility": [
        0.09606720515335235,
        0.12776028496270822,
        0.11942875467134914,
        0.30279319319151893,
        0.14576286741645522
    ],
    "Idealism": [
        0.8925038917564498,
        0.7244506292167312,
        0.8842956915949387,
        0.5400164830558154,
        0.7114096253085183
    ]
}