{
    "Profile": "NotSusceptible",
    "IDRange": [
        44,
        45,
        46,
        47
    ],
    "Egotism": [
        0.6044495962950844,
        0.4524837965331888,
        0.5329506305452789,
        0.4059835456613037,
        0.36728515720038835
    ],
    "Susceptibility": [
        0.0,
        0.0,
        0.0,
        0.0,
        0.0
    ],
    "Idealism": [
        0.39555040370491557,
        0.5475162034668112,
        0.46704936945472114,
        0.5940164543386963,
        0.6327148427996117
    ]
}