{
    "Profile": "Idealist",
    "IDRange": [
        4,
        5
    ],
    "Egotism": [
        0.20407583806217633,
        0.24789355512090805,
        0.1260916585677121
    ],
    "Susceptibility": [
        0.16490096377418476,
        0.16198196447937166,
        0.11455670833786726
    ],
    "Idealism": [
        0.6310231981636389,
        0.5901244803997203,
        0.7593516330944207
    ]
}