{
    "Profile": "NotIdealist",
    "IDRange": [
        8,
        9
    ],
    "Egotism": [
        0.34935770302134994,
        0.45375820899571223,
        0.6512560358999238
    ],
    "Susceptibility": [
        0.6506422969786501,
        0.5462417910042878,
        0.34874396410007624
    ],
    "Idealism": [
        0.0,
        0.0,
        0.0
    ]
}