{
    "Profile": "Egotist",
    "IDRange": [
        2,
        3
    ],
    "Egotism": [
        0.8707697833625789,
        0.5752328373641996,
        0.8309881644560364
    ],
    "Susceptibility": [
        0.06048712389880508,
        0.09392453307570306,
        0.05498605130773048
    ],
    "Idealism": [
        0.06874309273861601,
        0.33084262956009736,
        0.11402578423623311
    ]
}