{
    "Profile": "NotSusceptible",
    "IDRange": [
        22,
        23
    ],
    "Egotism": [
        0.31701830026313393,
        0.6101428356328047,
        0.3659093746143933
    ],
    "Susceptibility": [
        0.0,
        0.0,
        0.0
    ],
    "Idealism": [
        0.6829816997368661,
        0.3898571643671953,
        0.6340906253856067
    ]
}