{
    "Profile": "Balanced",
    "IDRange": [
        0,
        1
    ],
    "Egotism": [
        0.27954255967986485,
        0.3261977964909847,
        0.30924157067418
    ],
    "Susceptibility": [
        0.2791115427984906,
        0.31055014471093656,
        0.3381713726214053
    ],
    "Idealism": [
        0.44134589752164455,
        0.36325205879807876,
        0.3525870567044147
    ]
}