{
    "Profile": "Susceptible",
    "IDRange": [
        6,
        7
    ],
    "Egotism": [
        0.163823578603015,
        0.1273201816958167,
        0.18768637480754302
    ],
    "Susceptibility": [
        0.6723923017141719,
        0.6740429208638846,
        0.620464481812338
    ],
    "Idealism": [
        0.16378411968281315,
        0.1986368974402987,
        0.19184914338011894
    ]
}