{
    "Profile": "NotEgotist",
    "IDRange": [
        10,
        11,
        12,
        13,
        14,
        15,
        16,
        17,
        18,
        19,
        20,
        21
    ],
    "Egotism": [
        0.0,
        0.0,
        0.0,
        0.0,
        0.0,
        0.0,
        0.0,
        0.0,
        0.0,
        0.0,
        0.0,
        0.0,
        0.0
    ],
    "Susceptibility": [
        0.6455667387569386,
        0.5127269159567633,
        0.5252276849038049,
        0.3494558798085874,
        0.4026987499800141,
        0.6577003561848089,
        0.4563614005554091,
        0.45127355805800395,
        0.5542071087731126,
        0.30913877296710246,
        0.40606132598858735,
        0.6291422745435087,
        0.3748840062177161
    ],
    "Idealism": [
        0.35443326124306146,
        0.48727308404323666,
        0.47477231509619516,
        0.6505441201914126,
        0.5973012500199859,
        0.34229964381519107,
        0.5436385994445909,
        0.548726441941996,
        0.44579289122688737,
        0.6908612270328975,
        0.5939386740114126,
        0.37085772545649137,
        0.6251159937822839
    ]
}