{
    "Profile": "Egotist",
    "IDRange": [
        2,
        3
    ],
    "Egotism": [
        0.78575872907734,
        0.6821342956812793,
        0.7775446027978419
    ],
    "Susceptibility": [
        0.12466792384374545,
        0.06342830730771888,
        0.08846077983900452
    ],
    "Idealism": [
        0.08957334707891451,
        0.2544373970110019,
        0.13399461736315366
    ]
}