{
    "Profile": "NotEgotist",
    "IDRange": [
        10,
        11
    ],
    "Egotism": [
        0.0,
        0.0,
        0.0
    ],
    "Susceptibility": [
        0.6279366784391445,
        0.49459057065982737,
        0.5584110670474134
    ],
    "Idealism": [
        0.37206332156085553,
        0.5054094293401726,
        0.44158893295258667
    ]
}