{
    "Profile": "NotIdealist",
    "IDRange": [
        8,
        9
    ],
    "Egotism": [
        0.3331028717717498,
        0.6238258660063802,
        0.48241716449557326
    ],
    "Susceptibility": [
        0.6668971282282502,
        0.37617413399361976,
        0.5175828355044267
    ],
    "Idealism": [
        0.0,
        0.0,
        0.0
    ]
}