{
    "Profile": "Idealist",
    "IDRange": [
        4,
        5
    ],
    "Egotism": [
        0.22482071066399312,
        0.1495558348952286,
        0.013083124669837631
    ],
    "Susceptibility": [
        0.15962440519569324,
        0.14450790846668624,
        0.13535823127758478
    ],
    "Idealism": [
        0.6155548841403137,
        0.7059362566380851,
        0.8515586440525776
    ]
}