{
    "Profile": "Balanced",
    "IDRange": [
        0,
        1
    ],
    "Egotism": [
        0.288433975357794,
        0.30556266043075575,
        0.36407654831854724
    ],
    "Susceptibility": [
        0.25571877474212784,
        0.27069945892004893,
        0.2558238582326054
    ],
    "Idealism": [
        0.4558472499000781,
        0.4237378806491954,
        0.3800995934488474
    ]
}