{
    "Profile": "Susceptible",
    "IDRange": [
        6,
        7
    ],
    "Egotism": [
        0.06422902813777429,
        0.0873328807478882,
        0.13094613704609992
    ],
    "Susceptibility": [
        0.8536733606379027,
        0.8307995160434811,
        0.8110273417260198
    ],
    "Idealism": [
        0.08209761122432305,
        0.08186760320863068,
        0.05802652122788032
    ]
}