{
    "Profile": "NotSusceptible",
    "IDRange": [
        12,
        13,
        14,
        15,
        16,
        17,
        18,
        19,
        20,
        21,
        22,
        23,
        24,
        25,
        26,
        27,
        28,
        29,
        30,
        31,
        32,
        33,
        34,
        35
    ],
    "Egotism": [
        0.32629398243186647,
        0.6564244730225348,
        0.6677549671560712,
        0.5865517052025673,
        0.5476925001127342,
        0.556701510245246,
        0.4349216940310183,
        0.5659339571047817,
        0.6134096959109676,
        0.5457595783486905,
        0.4199920151114852,
        0.47738073948437876,
        0.5138213653451816,
        0.4180518928191448,
        0.6754751322547498,
        0.4572869628436149,
        0.3904301382394857,
        0.5436430358749227,
        0.5444633886974029,
        0.5948665500852601,
        0.6330251863477782,
        0.523194850534803,
        0.6637343117812763,
        0.3535440319396047,
        0.3144100884297607
    ],
    "Susceptibility": [
        0.0,
        0.0,
        0.0,
        0.0,
        0.0,
        0.0,
        0.0,
        0.0,
        0.0,
        0.0,
        0.0,
        0.0,
        0.0,
        0.0,
        0.0,
        0.0,
        0.0,
        0.0,
        0.0,
        0.0,
        0.0,
        0.0,
        0.0,
        0.0,
        0.0
    ],
    "Idealism": [
        0.6737060175681335,
        0.3435755269774652,
        0.33224503284392876,
        0.41344829479743267,
        0.4523074998872659,
        0.443298489754754,
        0.5650783059689817,
        0.43406604289521833,
        0.38659030408903233,
        0.4542404216513095,
        0.5800079848885148,
        0.5226192605156212,
        0.48617863465481836,
        0.5819481071808552,
        0.32452486774525025,
        0.5427130371563851,
        0.6095698617605143,
        0.45635696412507737,
        0.4555366113025971,
        0.40513344991473993,
        0.36697481365222184,
        0.4768051494651971,
        0.3362656882187237,
        0.6464559680603953,
        0.6855899115702393
    ]
}