{
    "Profile": "Susceptible",
    "IDRange": [
        8
    ],
    "Egotism": [
        0.2042947196690434,
        0.23367884930483757
    ],
    "Susceptibility": [
        0.6903943649980729,
        0.6678185436311896
    ],
    "Idealism": [
        0.10531091533288367,
        0.09850260706397279
    ]
}