{
    "Profile": "NotSusceptible",
    "IDRange": [
        11
    ],
    "Egotism": [
        0.34563155431681103,
        0.5657866714592201
    ],
    "Susceptibility": [
        0.0,
        0.0
    ],
    "Idealism": [
        0.654368445683189,
        0.4342133285407798
    ]
}