{
    "Profile": "NotIdealist",
    "IDRange": [
        9
    ],
    "Egotism": [
        0.3611346218746201,
        0.34952814183888825
    ],
    "Susceptibility": [
        0.6388653781253799,
        0.6504718581611117
    ],
    "Idealism": [
        0.0,
        0.0
    ]
}