{
    "Profile": "Egotist",
    "IDRange": [
        6
    ],
    "Egotism": [
        0.6574091330828327,
        0.6336101368915529
    ],
    "Susceptibility": [
        0.14272536634981747,
        0.2919656732318944
    ],
    "Idealism": [
        0.19986550056734986,
        0.07442418987655275
    ]
}