{
    "Profile": "Idealist",
    "IDRange": [
        7
    ],
    "Egotism": [
        0.1725284385328416,
        0.1786433721579036
    ],
    "Susceptibility": [
        0.16083153866158117,
        0.28587786590635045
    ],
    "Idealism": [
        0.6666400228055772,
        0.535478761935746
    ]
}