{
    "Profile": "Balanced",
    "IDRange": [
        0,
        1,
        2,
        3,
        4,
        5
    ],
    "Egotism": [
        0.26376793452149216,
        0.33291951697179767,
        0.3422530648517208,
        0.28034998981727943,
        0.2958598175940886,
        0.3766572110779365,
        0.36938814194237607
    ],
    "Susceptibility": [
        0.2934493324746726,
        0.28203489196656495,
        0.3480036039573181,
        0.32479093800519493,
        0.32203679691939857,
        0.3618389523077855,
        0.2596900380029503
    ],
    "Idealism": [
        0.4427827330038353,
        0.3850455910616374,
        0.3097433311909611,
        0.3948590721775256,
        0.38210338548651285,
        0.261503836614278,
        0.3709218200546736
    ]
}