{
    "Profile": "NotEgotist",
    "IDRange": [
        10
    ],
    "Egotism": [
        0.0,
        0.0
    ],
    "Susceptibility": [
        0.5354979743500724,
        0.31383373145439186
    ],
    "Idealism": [
        0.4645020256499276,
        0.6861662685456081
    ]
}