{
    "Profile": "NotSusceptible",
    "IDRange": [
        22,
        23
    ],
    "Egotism": [
        0.5575417320944258,
        0.38122651926482165,
        0.6667458865541757
    ],
    "Susceptibility": [
        0.0,
        0.0,
        0.0
    ],
    "Idealism": [
        0.4424582679055742,
        0.6187734807351783,
        0.33325411344582434
    ]
}