{
    "Profile": "Egotist",
    "IDRange": [
        2,
        3,
        4,
        5,
        6,
        7,
        8,
        9,
        10,
        11,
        12,
        13
    ],
    "Egotism": [
        0.6856901817117336,
        0.817371882635227,
        0.5557692883323041,
        0.8473977072297574,
        0.6308275853479993,
        0.5606151655760427,
        0.7621736264916434,
        0.6798040821791487,
        0.7815661497332398,
        0.8898016499137974,
        0.6118930726089205,
        0.8395928640676313,
        0.7314846298815532
    ],
    "Susceptibility": [
        0.2547529490447855,
        0.07750685722648379,
        0.11088874869347677,
        0.086260488985965,
        0.18622390286790247,
        0.37125871581374764,
        0.1282509201651215,
        0.22624271551500275,
        0.14247776261143918,
        0.05302149064994859,
        0.2013745153397945,
        0.05394019328760582,
        0.12358266877601705
    ],
    "Idealism": [
        0.059556869243480914,
        0.10512126013828926,
        0.33334196297421914,
        0.06634180378427756,
        0.1829485117840982,
        0.06812611861020956,
        0.10957545334323504,
        0.09395320230584858,
        0.07595608765532103,
        0.05717685943625406,
        0.186732412051285,
        0.10646694264476286,
        0.14493270134242975
    ]
}