{
    "Profile": "NotEgotist",
    "IDRange": [
        20,
        21
    ],
    "Egotism": [
        0.0,
        0.0,
        0.0
    ],
    "Susceptibility": [
        0.5070641256461953,
        0.3485505841298232,
        0.32262418416793326
    ],
    "Idealism": [
        0.4929358743538047,
        0.6514494158701768,
        0.6773758158320667
    ]
}