{
    "Profile": "Susceptible",
    "IDRange": [
        16,
        17
    ],
    "Egotism": [
        0.22011030072897947,
        0.055921063545241324,
        0.0789054653454741
    ],
    "Susceptibility": [
        0.5053144064104393,
        0.7924469702244459,
        0.7583448280764907
    ],
    "Idealism": [
        0.2745752928605812,
        0.1516319662303128,
        0.16274970657803517
    ]
}