{
    "Profile": "NotIdealist",
    "IDRange": [
        18,
        19
    ],
    "Egotism": [
        0.3792176690100079,
        0.5020461893377797,
        0.5474738707582334
    ],
    "Susceptibility": [
        0.620782330989992,
        0.49795381066222033,
        0.4525261292417666
    ],
    "Idealism": [
        0.0,
        0.0,
        0.0
    ]
}