{
    "Profile": "Idealist",
    "IDRange": [
        14,
        15
    ],
    "Egotism": [
        -0.019617717118204814,
        0.1343135163341327,
        0.2666287209310283
    ],
    "Susceptibility": [
        0.12536993379645373,
        0.10910964016603625,
        0.2315382434669578
    ],
    "Idealism": [
        0.894247783321751,
        0.756576843499831,
        0.5018330356020139
    ]
}