{
    "Profile": "Balanced",
    "IDRange": [
        0,
        1
    ],
    "Egotism": [
        0.2888261306549361,
        0.2928077371132555,
        0.3652222318351035
    ],
    "Susceptibility": [
        0.29408097222826063,
        0.3319009309537977,
        0.35534787448168287
    ],
    "Idealism": [
        0.4170928971168032,
        0.37529133193294684,
        0.2794298936832136
    ]
}