{
    "Profile": "Idealist",
    "IDRange": [
        4,
        5
    ],
    "Egotism": [
        0.12958135328940146,
        0.16348615932170674,
        0.18463858791718413
    ],
    "Susceptibility": [
        0.11024298580608469,
        0.16298103218888435,
        0.16252885912155968
    ],
    "Idealism": [
        0.7601756609045138,
        0.6735328084894089,
        0.6528325529612562
    ]
}