{
    "Profile": "NotIdealist",
    "IDRange": [
        30,
        31
    ],
    "Egotism": [
        0.6687116700311078,
        0.42043772626385456,
        0.587126361046376
    ],
    "Susceptibility": [
        0.33128832996889224,
        0.5795622737361454,
        0.41287363895362394
    ],
    "Idealism": [
        0.0,
        0.0,
        0.0
    ]
}