{
    "Profile": "Susceptible",
    "IDRange": [
        6,
        7,
        8,
        9,
        10,
        11,
        12,
        13,
        14,
        15,
        16,
        17,
        18,
        19,
        20,
        21,
        22,
        23,
        24,
        25,
        26,
        27,
        28,
        29
    ],
    "Egotism": [
        0.24090219943223568,
        0.2568822083733647,
        0.05188893011236496,
        0.06506842198440956,
        0.2591192180394845,
        0.06661783725341633,
        0.11158160113535663,
        0.06979720230897929,
        0.12195537870072976,
        0.13257104946631976,
        0.07457189399137784,
        0.2312947563743305,
        0.07938436633877709,
        0.13498883964065234,
        0.11042234004709472,
        0.06692819718865059,
        0.05170258995002019,
        0.06354944478562356,
        0.06937314409360998,
        0.13382023145863248,
        0.2006325353207466,
        0.06633892480066794,
        0.05002460828261842,
        0.05597817807041263,
        0.3353497154720264
    ],
    "Susceptibility": [
        0.5774317602325684,
        0.6232648986986018,
        0.8956991504132193,
        0.6683487031476735,
        0.596000864333654,
        0.7131658286212539,
        0.776322712665771,
        0.6549486798405671,
        0.8203214320569233,
        0.688457986793462,
        0.6928325210294789,
        0.6925120469948137,
        0.7564288097881697,
        0.8025962767635839,
        0.8058794648239952,
        0.8806229719914465,
        0.7142205483526944,
        0.8575768385238278,
        0.6187216135504897,
        0.6963480474191477,
        0.743028048360159,
        0.8007169862342969,
        0.8945034720368462,
        0.8410466761922197,
        0.5848017119677233
    ],
    "Idealism": [
        0.18166604033519596,
        0.11985289292803353,
        0.052411919474415695,
        0.266582874867917,
        0.14487991762686153,
        0.2202163341253298,
        0.11209568619887235,
        0.27525411785045356,
        0.05772318924234693,
        0.1789709637402182,
        0.23259558497914326,
        0.07619319663085578,
        0.16418682387305317,
        0.06241488359576375,
        0.08369819512891008,
        0.05244883081990295,
        0.23407686169728537,
        0.07887371669054861,
        0.31190524235590034,
        0.16983172112221984,
        0.05633941631909439,
        0.13294408896503518,
        0.055471919680535366,
        0.10297514573736763,
        0.07984857256025024
    ]
}