{
    "Profile": "NotEgotist",
    "IDRange": [
        32,
        33
    ],
    "Egotism": [
        0.0,
        0.0,
        0.0
    ],
    "Susceptibility": [
        0.6955888767052508,
        0.6158974269260085,
        0.4556471401513442
    ],
    "Idealism": [
        0.3044111232947492,
        0.38410257307399154,
        0.5443528598486558
    ]
}