{
    "Profile": "NotSusceptible",
    "IDRange": [
        34,
        35
    ],
    "Egotism": [
        0.5783910766107152,
        0.4201264265902732,
        0.452171645736406
    ],
    "Susceptibility": [
        0.0,
        0.0,
        0.0
    ],
    "Idealism": [
        0.42160892338928485,
        0.5798735734097268,
        0.547828354263594
    ]
}