{
    "Profile": "Egotist",
    "IDRange": [
        2,
        3
    ],
    "Egotism": [
        0.5050760874007486,
        0.7502559803512038,
        0.7437628747717717
    ],
    "Susceptibility": [
        0.2762113896088344,
        0.16016207161433932,
        0.1957897438198719
    ],
    "Idealism": [
        0.218712522990417,
        0.08958194803445696,
        0.06044738140835637
    ]
}