{
    "Profile": "Balanced",
    "IDRange": [
        0,
        1
    ],
    "Egotism": [
        0.32870450581687455,
        0.3679961049773627,
        0.3036317252425975
    ],
    "Susceptibility": [
        0.27133870258420867,
        0.371965371248269,
        0.3138751879081653
    ],
    "Idealism": [
        0.3999567915989168,
        0.2600385237743683,
        0.3824930868492371
    ]
}