{
    "Profile": "NotSusceptible",
    "IDRange": [
        22,
        23
    ],
    "Egotism": [
        0.5311902549002456,
        0.5606931066364531,
        0.47081440946094666
    ],
    "Susceptibility": [
        0.0,
        0.0,
        0.0
    ],
    "Idealism": [
        0.46880974509975437,
        0.4393068933635469,
        0.5291855905390533
    ]
}