{
    "Profile": "NotIdealist",
    "IDRange": [
        18,
        19
    ],
    "Egotism": [
        0.6207996317090847,
        0.4038146801122006,
        0.36444694712339504
    ],
    "Susceptibility": [
        0.3792003682909153,
        0.5961853198877993,
        0.6355530528766049
    ],
    "Idealism": [
        0.0,
        0.0,
        0.0
    ]
}