{
    "Profile": "Idealist",
    "IDRange": [
        4,
        5,
        6,
        7,
        8,
        9,
        10,
        11,
        12,
        13,
        14,
        15
    ],
    "Egotism": [
        0.09240107835430134,
        0.20347904992230137,
        0.2757463931800057,
        0.15911017481758505,
        0.11963327244223665,
        0.10346825096179879,
        0.14223790787719337,
        0.1588669503042861,
        0.22081040510906413,
        0.12240864505419546,
        0.17408343394098513,
        0.16598586792427716,
        0.12292076083396575
    ],
    "Susceptibility": [
        0.0592002690648582,
        0.15882666372649623,
        0.20193923774806113,
        0.17942666344756714,
        0.12346110189062248,
        0.14360814183015336,
        0.137213793132502,
        0.15781815892099463,
        0.2049453313288716,
        0.09375903702201407,
        0.2611066373250615,
        0.16447328743978568,
        0.12660138282154437
    ],
    "Idealism": [
        0.8483986525808405,
        0.6376942863512024,
        0.5223143690719332,
        0.6614631617348478,
        0.7569056256671409,
        0.7529236072080479,
        0.7205482989903046,
        0.6833148907747193,
        0.5742442635620643,
        0.7838323179237905,
        0.5648099287339534,
        0.6695408446359372,
        0.7504778563444898
    ]
}