{
    "Profile": "NotEgotist",
    "IDRange": [
        20,
        21
    ],
    "Egotism": [
        0.0,
        0.0,
        0.0
    ],
    "Susceptibility": [
        0.3949210100067191,
        0.3004308661508617,
        0.560951294569974
    ],
    "Idealism": [
        0.6050789899932809,
        0.6995691338491383,
        0.439048705430026
    ]
}