{
    "Profile": "Susceptible",
    "IDRange": [
        16,
        17
    ],
    "Egotism": [
        0.09196994953948381,
        0.26913259530202,
        0.06391445457365391
    ],
    "Susceptibility": [
        0.58527366848362,
        0.6223434965614176,
        0.5968245331790765
    ],
    "Idealism": [
        0.32275638197689627,
        0.10852390813656237,
        0.3392610122472696
    ]
}