{
    "Profile": "Balanced",
    "IDRange": [
        0,
        1
    ],
    "Egotism": [
        0.2653795815156557,
        0.3092634239451835,
        0.3331592917851042
    ],
    "Susceptibility": [
        0.33854069487116006,
        0.359285630118511,
        0.27174207740744233
    ],
    "Idealism": [
        0.3960797236131843,
        0.3314509459363055,
        0.39509863080745344
    ]
}