{
    "Profile": "Egotist",
    "IDRange": [
        2,
        3
    ],
    "Egotism": [
        0.6488097376595464,
        0.620119787280841,
        0.6704431435927942
    ],
    "Susceptibility": [
        0.27768416729912526,
        0.14434555482704212,
        0.09282927907395423
    ],
    "Idealism": [
        0.07350609504132832,
        0.2355346578921168,
        0.23672757733325156
    ]
}