{
    "Profile": "NotSusceptible",
    "IDRange": [
        165,
        166,
        167,
        168,
        169,
        170,
        171,
        172,
        173,
        174,
        175,
        176,
        177
    ],
    "Egotism": [
        0.46359269796276936,
        0.6870303224573107,
        0.461116036124133,
        0.5665438022333975,
        0.6874077441380482,
        0.3761855864149939,
        0.5374174298390126,
        0.3350514296065371,
        0.37918393314163956,
        0.5324833903546535,
        0.3910796602439086,
        0.6754083594931917,
        0.4718398309573584,
        0.31150421357082847
    ],
    "Susceptibility": [
        0.0,
        0.0,
        0.0,
        0.0,
        0.0,
        0.0,
        0.0,
        0.0,
        0.0,
        0.0,
        0.0,
        0.0,
        0.0,
        0.0
    ],
    "Idealism": [
        0.5364073020372306,
        0.3129696775426894,
        0.538883963875867,
        0.4334561977666025,
        0.3125922558619519,
        0.6238144135850061,
        0.4625825701609873,
        0.6649485703934629,
        0.6208160668583604,
        0.46751660964534647,
        0.6089203397560914,
        0.3245916405068083,
        0.5281601690426416,
        0.6884957864291715
    ]
}