{
    "Profile": "Egotist",
    "IDRange": [
        100,
        101,
        102,
        103,
        104,
        105,
        106,
        107,
        108,
        109,
        110,
        111,
        112
    ],
    "Egotism": [
        0.5681835923822757,
        0.738302181988182,
        0.5890038086521334,
        0.6286992135747816,
        0.7021617459260152,
        0.7653653381153874,
        0.7921123630472644,
        0.6698823734499595,
        0.6381633050453726,
        0.6829304381179246,
        0.7175618855892922,
        0.5872866902687283,
        0.8220160190876427,
        0.6238452139833092
    ],
    "Susceptibility": [
        0.14307875696106181,
        0.11699347941914416,
        0.05621538435199407,
        0.13288860125728325,
        0.15317278116820823,
        0.14107428159924917,
        0.1177437374254347,
        0.09206598456114229,
        0.28158108162938467,
        0.05219175291678519,
        0.07196607222508128,
        0.10765532953064494,
        0.11323517645059265,
        0.12396261816876131
    ],
    "Idealism": [
        0.28873765065666246,
        0.14470433859267384,
        0.35478080699587256,
        0.23841218516793516,
        0.14466547290577658,
        0.0935603802853634,
        0.09014389952730095,
        0.23805164198889828,
        0.08025561332524278,
        0.2648778089652901,
        0.21047204218562654,
        0.3050579802006268,
        0.06474880446176468,
        0.2521921678479295
    ]
}