{
    "Profile": "NotIdealist",
    "IDRange": [
        139,
        140,
        141,
        142,
        143,
        144,
        145,
        146,
        147,
        148,
        149,
        150,
        151
    ],
    "Egotism": [
        0.4579518663734872,
        0.644354787191266,
        0.30944409866007194,
        0.6781266476033029,
        0.42629413573506825,
        0.42198407075983685,
        0.6156365010557121,
        0.4461448758402116,
        0.5626415800770963,
        0.3998833196196132,
        0.6063128284159334,
        0.6653003637648814,
        0.3663149360652951,
        0.46985973126951575
    ],
    "Susceptibility": [
        0.5420481336265128,
        0.35564521280873396,
        0.6905559013399281,
        0.3218733523966971,
        0.5737058642649318,
        0.5780159292401632,
        0.3843634989442879,
        0.5538551241597884,
        0.4373584199229037,
        0.6001166803803868,
        0.39368717158406663,
        0.33469963623511856,
        0.6336850639347049,
        0.5301402687304843
    ],
    "Idealism": [
        0.0,
        0.0,
        0.0,
        0.0,
        0.0,
        0.0,
        0.0,
        0.0,
        0.0,
        0.0,
        0.0,
        0.0,
        0.0,
        0.0
    ]
}