{
    "Profile": "Balanced",
    "IDRange": [
        0,
        1,
        2,
        3,
        4,
        5,
        6,
        7,
        8,
        9,
        10,
        11,
        12,
        13,
        14,
        15,
        16,
        17,
        18,
        19,
        20,
        21,
        22,
        23,
        24,
        25,
        26,
        27,
        28,
        29,
        30,
        31,
        32,
        33,
        34,
        35,
        36,
        37,
        38,
        39,
        40,
        41,
        42,
        43,
        44,
        45,
        46,
        47,
        48,
        49,
        50,
        51,
        52,
        53,
        54,
        55,
        56,
        57,
        58,
        59,
        60,
        61,
        62,
        63,
        64,
        65,
        66,
        67,
        68,
        69,
        70,
        71,
        72,
        73,
        74,
        75,
        76,
        77,
        78,
        79,
        80,
        81,
        82,
        83,
        84,
        85,
        86,
        87,
        88,
        89,
        90,
        91,
        92,
        93,
        94,
        95,
        96,
        97,
        98,
        99
    ],
    "Egotism": [
        0.2741938613308427,
        0.3162679655802979,
        0.33632007114967116,
        0.28067608854432796,
        0.25831208106700715,
        0.34086324473133606,
        0.31674858039891496,
        0.2959935999198417,
        0.25105436134512876,
        0.3285087911367645,
        0.26754404205594867,
        0.3485903717438398,
        0.3360348551651462,
        0.30696719174477427,
        0.3425499717939088,
        0.35408441792932677,
        0.288170725343866,
        0.29477991520963215,
        0.30064375833811613,
        0.25014224982832434,
        0.29424765504517975,
        0.3305393295385132,
        0.3670160460070763,
        0.34875066451067155,
        0.3424921753079655,
        0.2840965321320461,
        0.25322285820075374,
        0.32984911096409414,
        0.3407031833035273,
        0.3531415340567467,
        0.36059316668017183,
        0.338578018678564,
        0.3563021867845855,
        0.3448004060019251,
        0.37038429026050723,
        0.3631885633437619,
        0.3710762522202459,
        0.2756635608848798,
        0.33889040340119336,
        0.3091940124362918,
        0.2740664850401887,
        0.32785288542628294,
        0.2758670487164518,
        0.29889897318897124,
        0.2780115783047297,
        0.3025881061929595,
        0.29371552883684005,
        0.3792329805054149,
        0.33391828616843194,
        0.32501645416108127,
        0.33968526273460814,
        0.3196868022693616,
        0.33745473759910216,
        0.26362006365857826,
        0.254870525342172,
        0.32008037620205493,
        0.27771555881589,
        0.35489523783141674,
        0.28109684045232325,
        0.26509433505101143,
        0.29103059754170024,
        0.29941297413439194,
        0.25291452944461607,
        0.35104561600421674,
        0.2668954688305572,
        0.31074715086172505,
        0.2627060804306216,
        0.37855361200900944,
        0.29903249303952734,
        0.2527911654569374,
        0.3781165972862255,
        0.2703804825690078,
        0.34680997350559467,
        0.32282422566883734,
        0.3534531326192104,
        0.2972182155020217,
        0.2722698866511685,
        0.2597436164105684,
        0.2979439054782081,
        0.33668626629341564,
        0.3093781941396693,
        0.3480712234155196,
        0.31154561955699633,
        0.3574403134574468,
        0.3579691141652953,
        0.3743668294193866,
        0.35330706405163803,
        0.3487844644952976,
        0.33067044670556045,
        0.3278468318129125,
        0.3231154684604908,
        0.3539108626491668,
        0.3517061714062439,
        0.3261660822300199,
        0.3161137799282904,
        0.27949576725682573,
        0.37743623678264815,
        0.2527768212480551,
        0.33146327365568234,
        0.25966278818962485,
        0.37366647132077113
    ],
    "Susceptibility": [
        0.37800407423376464,
        0.3737652972024714,
        0.2751025106690065,
        0.31679265784455285,
        0.28249688840320264,
        0.2738199988931395,
        0.25755925532464946,
        0.301751141726067,
        0.3268036454156039,
        0.32718829231256313,
        0.2794892560547262,
        0.35571800830777034,
        0.2514720574400678,
        0.3088978126275884,
        0.3734394210202891,
        0.3364941187063752,
        0.2534030122690583,
        0.36647550061885414,
        0.3327898538669686,
        0.3247043424610658,
        0.3681570934604542,
        0.2954504380208881,
        0.3274429644287576,
        0.3288536497909486,
        0.2945880717194103,
        0.27014889496955347,
        0.33551129555502446,
        0.25327692540536806,
        0.2811725830182599,
        0.3108427896415211,
        0.3771131879926942,
        0.2603382032603922,
        0.3439926935029114,
        0.35801875362547875,
        0.352740315426144,
        0.27279066613129216,
        0.25570191235646594,
        0.2801932221635963,
        0.29527359856506324,
        0.35234188242224984,
        0.28017539470246544,
        0.28981116714478605,
        0.3255341980762342,
        0.2998680937347322,
        0.2822397654354148,
        0.30038521166033194,
        0.34827980984342527,
        0.3799755754932197,
        0.27624834239749174,
        0.35454670856608805,
        0.31908050738594407,
        0.2739431328301735,
        0.29185543571487416,
        0.3418545887454414,
        0.29147966090717203,
        0.28004554581703106,
        0.3278508764511763,
        0.2706727797853123,
        0.2876089232005976,
        0.2941472076396082,
        0.3002511715111093,
        0.3662343111040446,
        0.27786463871692146,
        0.2794416772489644,
        0.2568047342845636,
        0.3436801406229757,
        0.3450510657957087,
        0.3755083052727676,
        0.35190844101071,
        0.3762085548537913,
        0.33992057204101883,
        0.35932901424178587,
        0.3382184431406241,
        0.3150790320416039,
        0.3260599376324894,
        0.3117022157637278,
        0.32163565587134607,
        0.32962151794297195,
        0.2740160349109867,
        0.33981897385464105,
        0.2647240490222145,
        0.2835634689849109,
        0.2741068273406477,
        0.2519443416680126,
        0.3203286358987906,
        0.30534127955371015,
        0.34894116994925933,
        0.264375494217124,
        0.271274743499005,
        0.30757595410571786,
        0.2966660823477659,
        0.28807782978322616,
        0.32348930428965156,
        0.29415504741421283,
        0.36876025885555436,
        0.3503410794083919,
        0.363575436881771,
        0.2692171697948162,
        0.34726426428160184,
        0.3034768350668404,
        0.36909594741736573
    ],