{
    "Profile": "Idealist",
    "IDRange": [
        113,
        114,
        115,
        116,
        117,
        118,
        119,
        120,
        121,
        122,
        123,
        124,
        125
    ],
    "Egotism": [
        0.1272030245011866,
        0.2051827363434885,
        0.12431683918139402,
        0.13561728622425906,
        0.22006534775001307,
        0.17089942295233074,
        0.13405386849708245,
        0.13842704408241024,
        0.14631990601855693,
        0.16956060676743423,
        0.26911002718488586,
        0.18475532995709854,
        0.12773017485305915,
        0.15539295880148196
    ],
    "Susceptibility": [
        0.08762039344731143,
        0.15482379605078378,
        -0.0022502851831433246,
        0.019843290731624996,
        0.17095833732476595,
        0.16579873927107586,
        0.03110719041348972,
        0.13619228832590405,
        0.14931191078754105,
        0.17673448796153243,
        0.16659509850986576,
        0.3070227066713208,
        0.09009933112871069,
        0.15541130508949694
    ],
    "Idealism": [
        0.785176582051502,
        0.6399934676057277,
        0.8779334460017494,
        0.8445394230441159,
        0.608976314925221,
        0.6633018377765935,
        0.8348389410894278,
        0.7253806675916857,
        0.704368183193902,
        0.6537049052710333,
        0.5642948743052484,
        0.5082219633715807,
        0.7821704940182301,
        0.6891957361090211
    ]
}