{
    "Profile": "NotEgotist",
    "IDRange": [
        152,
        153,
        154,
        155,
        156,
        157,
        158,
        159,
        160,
        161,
        162,
        163,
        164
    ],
    "Egotism": [
        0.0,
        0.0,
        0.0,
        0.0,
        0.0,
        0.0,
        0.0,
        0.0,
        0.0,
        0.0,
        0.0,
        0.0,
        0.0,
        0.0
    ],
    "Susceptibility": [
        0.38223182605613104,
        0.39222097851367566,
        0.6589522356367961,
        0.6949678817748133,
        0.6594160939881126,
        0.6060482101006797,
        0.4798325834361221,
        0.53449119967403,
        0.6336320343066506,
        0.38420986392788115,
        0.4741598172945589,
        0.6127888839298794,
        0.34080704086787617,
        0.6908566730436281
    ],
    "Idealism": [
        0.617768173943869,
        0.6077790214863243,
        0.3410477643632039,
        0.30503211822518667,
        0.34058390601188737,
        0.39395178989932034,
        0.5201674165638779,
        0.46550880032597,
        0.3663679656933494,
        0.6157901360721189,
        0.5258401827054411,
        0.38721111607012054,
        0.6591929591321238,
        0.309143326956372
    ]
}