{
    "Profile": "Susceptible",
    "IDRange": [
        126,
        127,
        128,
        129,
        130,
        131,
        132,
        133,
        134,
        135,
        136,
        137,
        138
    ],
    "Egotism": [
        0.12602128404350904,
        0.06018301426683759,
        0.29581580697580884,
        0.2757925481579115,
        0.15161472988835706,
        0.27122520677158307,
        0.11101043721867007,
        0.06529830210822499,
        0.21994415115678517,
        0.14032992759817492,
        0.23366067100782095,
        0.18077657101064787,
        0.334632960748491,
        0.06627208951111198
    ],
    "Susceptibility": [
        0.5922158491939822,
        0.7326557460756092,
        0.640286019349023,
        0.6323526166208717,
        0.7183318816330279,
        0.5270248581674707,
        0.7617650631807862,
        0.8753336014444432,
        0.5193261456143232,
        0.7074484093665863,
        0.649943006868291,
        0.7322948894487189,
        0.5749369503993431,
        0.7654225727976117
    ],
    "Idealism": [
        0.2817628667625088,
        0.20716123965755318,
        0.0638981736751682,
        0.09185483522121679,
        0.13005338847861508,
        0.20174993506094624,
        0.12722449960054374,
        0.05936809644733185,
        0.2607297032288916,
        0.15222166303523882,
        0.11639632212388806,
        0.08692853954063323,
        0.09043008885216586,
        0.1683053376912763
    ]
}