{
    "Profile": "Susceptible",
    "IDRange": [
        6,
        7
    ],
    "Egotism": [
        0.11578026212022291,
        0.21494605929122584,
        0.29539449431470866
    ],
    "Susceptibility": [
        0.6456906819025501,
        0.5996110164536825,
        0.6265519633216867
    ],
    "Idealism": [
        0.238529055977227,
        0.18544292425509162,
        0.07805354236360462
    ]
}