{
    "Profile": "Idealist",
    "IDRange": [
        4,
        5
    ],
    "Egotism": [
        0.29459585773551633,
        0.1488136661332924,
        0.09810187338339127
    ],
    "Susceptibility": [
        0.15653456017482695,
        0.149914699042217,
        0.13328619817555418
    ],
    "Idealism": [
        0.5488695820896567,
        0.7012716348244906,
        0.7686119284410545
    ]
}