{
    "Profile": "NotSusceptible",
    "IDRange": [
        34,
        35
    ],
    "Egotism": [
        0.6885962526357767,
        0.31432994967617367,
        0.5944114625707301
    ],
    "Susceptibility": [
        0.0,
        0.0,
        0.0
    ],
    "Idealism": [
        0.3114037473642233,
        0.6856700503238263,
        0.4055885374292699
    ]
}