{
    "Profile": "NotIdealist",
    "IDRange": [
        8,
        9
    ],
    "Egotism": [
        0.30559566699802376,
        0.5550161653342551,
        0.5345476012663929
    ],
    "Susceptibility": [
        0.6944043330019762,
        0.44498383466574487,
        0.4654523987336071
    ],
    "Idealism": [
        0.0,
        0.0,
        0.0
    ]
}