{
    "Profile": "Egotist",
    "IDRange": [
        2,
        3
    ],
    "Egotism": [
        0.8496248499209342,
        0.6105813772756806,
        0.7967823273157981
    ],
    "Susceptibility": [
        0.09968468050899543,
        0.10910993485971905,
        0.15099398860204988
    ],
    "Idealism": [
        0.050690469570070285,
        0.2803086878646003,
        0.052223684082151944
    ]
}