{
    "Profile": "Balanced",
    "IDRange": [
        0,
        1
    ],
    "Egotism": [
        0.3145967056374597,
        0.3530366182487735,
        0.2718487172420901
    ],
    "Susceptibility": [
        0.3278233922546298,
        0.26135499058040706,
        0.32033699557190554
    ],
    "Idealism": [
        0.35757990210791046,
        0.38560839117081935,
        0.4078142871860044
    ]
}