{
    "Profile": "NotEgotist",
    "IDRange": [
        10,
        11,
        12,
        13,
        14,
        15,
        16,
        17,
        18,
        19,
        20,
        21,
        22,
        23,
        24,
        25,
        26,
        27,
        28,
        29,
        30,
        31,
        32,
        33
    ],
    "Egotism": [
        0.0,
        0.0,
        0.0,
        0.0,
        0.0,
        0.0,
        0.0,
        0.0,
        0.0,
        0.0,
        0.0,
        0.0,
        0.0,
        0.0,
        0.0,
        0.0,
        0.0,
        0.0,
        0.0,
        0.0,
        0.0,
        0.0,
        0.0,
        0.0,
        0.0
    ],
    "Susceptibility": [
        0.43262547198071233,
        0.5662098235316722,
        0.33524289384125605,
        0.3414585508651371,
        0.4789389920301327,
        0.35698461974978635,
        0.5682413400606974,
        0.300697865836273,
        0.54740370193355,
        0.37028278999442565,
        0.4944754471170315,
        0.3669968069155367,
        0.5399449612832277,
        0.5750790094915922,
        0.4131506500955324,
        0.40711322972605846,
        0.45081794425398725,
        0.4673749698516846,
        0.38425971256547253,
        0.48643621478806565,
        0.31394662425353337,
        0.421186087865012,
        0.44565540959594574,
        0.6106312949659363,
        0.6238609606591079
    ],
    "Idealism": [
        0.5673745280192877,
        0.4337901764683278,
        0.664757106158744,
        0.6585414491348629,
        0.5210610079698673,
        0.6430153802502137,
        0.43175865993930257,
        0.699302134163727,
        0.45259629806645,
        0.6297172100055743,
        0.5055245528829685,
        0.6330031930844633,
        0.46005503871677234,
        0.4249209905084078,
        0.5868493499044676,
        0.5928867702739415,
        0.5491820557460128,
        0.5326250301483154,
        0.6157402874345275,
        0.5135637852119344,
        0.6860533757464666,
        0.578813912134988,
        0.5543445904040543,
        0.3893687050340638,
        0.37613903934089205
    ]
}