{
    "Profile": "Idealist",
    "IDRange": [
        2
    ],
    "Egotism": [
        -0.0034926552966504376,
        0.06237382578563133
    ],
    "Susceptibility": [
        0.1279985852951292,
        0.11961743829928907
    ],
    "Idealism": [
        0.8754940700015212,
        0.8180087359150796
    ]
}