{
    "Profile": "NotIdealist",
    "IDRange": [
        4
    ],
    "Egotism": [
        0.6847721326302176,
        0.40289219433280354
    ],
    "Susceptibility": [
        0.31522786736978237,
        0.5971078056671965
    ],
    "Idealism": [
        0.0,
        0.0
    ]
}