{
    "Profile": "NotEgotist",
    "IDRange": [
        50,
        51,
        52,
        53,
        54,
        55,
        56,
        57,
        58,
        59
    ],
    "Egotism": [
        0.0,
        0.0,
        0.0,
        0.0,
        0.0,
        0.0,
        0.0,
        0.0,
        0.0,
        0.0,
        0.0
    ],
    "Susceptibility": [
        0.4011197521005241,
        0.5120236080000862,
        0.5959596491676573,
        0.5680868594521884,
        0.4183434828500395,
        0.46370105805528095,
        0.6015241823659272,
        0.6736176969543772,
        0.6585771652689005,
        0.487615145796674,
        0.5374592528499316
    ],
    "Idealism": [
        0.5988802478994759,
        0.4879763919999139,
        0.4040403508323427,
        0.43191314054781166,
        0.5816565171499605,
        0.536298941944719,
        0.3984758176340728,
        0.32638230304562277,
        0.34142283473109947,
        0.512384854203326,
        0.4625407471500685
    ]
}