{
    "Profile": "NotSusceptible",
    "IDRange": [
        60,
        61,
        62,
        63,
        64,
        65,
        66,
        67,
        68,
        69
    ],
    "Egotism": [
        0.5651515389777022,
        0.5758919160418157,
        0.48939036829957394,
        0.6695733893111071,
        0.555881425957513,
        0.659788004650631,
        0.3295283583716413,
        0.4265368799481093,
        0.4262583933968853,
        0.5227021661657195,
        0.648758845529537
    ],
    "Susceptibility": [
        0.0,
        0.0,
        0.0,
        0.0,
        0.0,
        0.0,
        0.0,
        0.0,
        0.0,
        0.0,
        0.0
    ],
    "Idealism": [
        0.43484846102229774,
        0.4241080839581843,
        0.5106096317004261,
        0.3304266106888929,
        0.444118574042487,
        0.34021199534936897,
        0.6704716416283587,
        0.5734631200518907,
        0.5737416066031147,
        0.4772978338342805,
        0.35124115447046295
    ]
}