{
    "Profile": "Idealist",
    "IDRange": [
        20,
        21,
        22,
        23,
        24,
        25,
        26,
        27,
        28,
        29
    ],
    "Egotism": [
        0.0945264425650727,
        0.20525883406840373,
        0.025487325112253933,
        0.14969496281930472,
        0.12449060602439377,
        0.08766741074382778,
        0.1559037575063319,
        0.2794867991255827,
        0.1681092409105598,
        0.21457129891686366,
        0.1432488405712976
    ],
    "Susceptibility": [
        0.031048131243184243,
        0.16308701296983105,
        0.12903316785216795,
        0.14969264701633087,
        0.07499895696851985,
        0.11042553642935607,
        0.19341876190512516,
        0.2203604984079413,
        0.16746759283590823,
        0.17171138820166035,
        0.10828959509044037
    ],
    "Idealism": [
        0.874425426191743,
        0.6316541529617652,
        0.8454795070355782,
        0.7006123901643644,
        0.8005104370070864,
        0.8019070528268162,
        0.6506774805885429,
        0.500152702466476,
        0.664423166253532,
        0.613717312881476,
        0.748461564338262
    ]
}