{
    "Profile": "Egotist",
    "IDRange": [
        1
    ],
    "Egotism": [
        0.8357051617344889,
        0.8564675416760412
    ],
    "Susceptibility": [
        0.11274119941044633,
        0.06019574869813574
    ],
    "Idealism": [
        0.0515536388550647,
        0.08333670962582307
    ]
}