{
    "Profile": "Balanced",
    "IDRange": [
        0
    ],
    "Egotism": [
        0.3533919406913478,
        0.3308382122414269
    ],
    "Susceptibility": [
        0.34728454605919934,
        0.286837469276991
    ],
    "Idealism": [
        0.2993235132494529,
        0.38232431848158205
    ]
}