{
    "Profile": "Susceptible",
    "IDRange": [
        3
    ],
    "Egotism": [
        0.07750274343007914,
        0.1426075599577195
    ],
    "Susceptibility": [
        0.7912226075362222,
        0.6612510649446841
    ],
    "Idealism": [
        0.13127464903369868,
        0.19614137509759638
    ]
}