{
    "Profile": "Egotist",
    "IDRange": [
        10,
        11,
        12,
        13,
        14,
        15,
        16,
        17,
        18,
        19
    ],
    "Egotism": [
        0.6841633253605696,
        0.6757093818189479,
        0.5441384908726292,
        0.842150379201271,
        0.8398097293985616,
        0.757661478795299,
        0.8717035224355585,
        0.602286275137172,
        0.8848857254176342,
        0.7544155957116678,
        0.5982502420006003
    ],
    "Susceptibility": [
        0.15931062310278826,
        0.11281076384512513,
        0.34729483876200784,
        0.057449283437198725,
        0.10376969475063379,
        0.06291617915864259,
        0.075892952839932,
        0.14193067187225844,
        0.05130253940167207,
        0.17503232933278767,
        0.13902886185923788
    ],
    "Idealism": [
        0.15652605153664212,
        0.21147985433592698,
        0.10856667036536294,
        0.10040033736153031,
        0.05642057585080462,
        0.17942234204605845,
        0.05240352472450949,
        0.2557830529905696,
        0.06381173518069372,
        0.0705520749555445,
        0.2627208961401618
    ]
}