{
    "Profile": "Susceptible",
    "IDRange": [
        30,
        31,
        32,
        33,
        34,
        35,
        36,
        37,
        38,
        39
    ],
    "Egotism": [
        0.18183706124114146,
        0.05750198209031605,
        0.22020054384958693,
        0.06927982324948959,
        0.1918839999601204,
        0.12791881454414555,
        0.15323671858941731,
        0.17604901166464665,
        0.13014717670807557,
        0.16813179792587873,
        0.1731206453068253
    ],
    "Susceptibility": [
        0.7484941247519749,
        0.8837802184125492,
        0.7176400355679855,
        0.8225512210515775,
        0.6538907852036113,
        0.5698129052932128,
        0.5673202779659176,
        0.6637055021836727,
        0.7746186546423544,
        0.7115034557402331,
        0.7256704527434841
    ],
    "Idealism": [
        0.06966881400688368,
        0.05871779949713478,
        0.06215942058242757,
        0.1081689556989329,
        0.15422521483626828,
        0.3022682801626416,
        0.2794430034446651,
        0.1602454861516806,
        0.09523416864957007,
        0.12036474633388816,
        0.10120890194969062
    ]
}