{
    "Profile": "NotIdealist",
    "IDRange": [
        40,
        41,
        42,
        43,
        44,
        45,
        46,
        47,
        48,
        49
    ],
    "Egotism": [
        0.4104232387109646,
        0.4783874240783691,
        0.6490387243367318,
        0.4932359925571882,
        0.3760686921319363,
        0.43600063199227124,
        0.5274815427900801,
        0.6158580581457189,
        0.47897790081479924,
        0.3462238668539887,
        0.6882271758867379
    ],
    "Susceptibility": [
        0.5895767612890355,
        0.5216125759216309,
        0.3509612756632682,
        0.5067640074428118,
        0.6239313078680637,
        0.5639993680077288,
        0.4725184572099199,
        0.3841419418542811,
        0.5210220991852008,
        0.6537761331460112,
        0.3117728241132621
    ],
    "Idealism": [
        0.0,
        0.0,
        0.0,
        0.0,
        0.0,
        0.0,
        0.0,
        0.0,
        0.0,
        0.0,
        0.0
    ]
}