{
    "Profile": "Balanced",
    "IDRange": [
        0,
        1,
        2,
        3,
        4,
        5,
        6,
        7,
        8,
        9
    ],
    "Egotism": [
        0.2679459711083799,
        0.31085888396140826,
        0.26338954458682107,
        0.3228349049134949,
        0.3343831551204637,
        0.2804696477624778,
        0.2546330770725319,
        0.28093582733005457,
        0.28867079638500076,
        0.25226491002700985,
        0.2758369948983578
    ],
    "Susceptibility": [
        0.27754797010021026,
        0.29650530599763014,
        0.26873408937820664,
        0.3400543134481381,
        0.3716577163473434,
        0.2506699419013288,
        0.32145779103595185,
        0.3664198460878277,
        0.274088703498172,
        0.27697017351267295,
        0.26747462554752377
    ],
    "Idealism": [
        0.4545060587914098,
        0.3926358100409616,
        0.4678763660349723,
        0.337110781638367,
        0.29395912853219297,
        0.46886041033619347,
        0.42390913189151624,
        0.3526443265821178,
        0.4372405001168272,
        0.4707649164603172,
        0.45668837955411845
    ]
}