{
    "Profile": "NotEgotist",
    "IDRange": [
        5
    ],
    "Egotism": [
        0.0,
        0.0
    ],
    "Susceptibility": [
        0.3715743709440835,
        0.5583837602369827
    ],
    "Idealism": [
        0.6284256290559165,
        0.44161623976301734
    ]
}