{
    "Profile": "NotSusceptible",
    "IDRange": [
        22,
        23
    ],
    "Egotism": [
        0.38812437766904995,
        0.37176665389591745,
        0.36514333504666263
    ],
    "Susceptibility": [
        0.0,
        0.0,
        0.0
    ],
    "Idealism": [
        0.61187562233095,
        0.6282333461040825,
        0.6348566649533374
    ]
}