{
    "Profile": "Idealist",
    "IDRange": [
        14,
        15
    ],
    "Egotism": [
        0.1922774945141944,
        0.12312309101044838,
        0.08149709298152497
    ],
    "Susceptibility": [
        0.15851411555794948,
        0.1341578697038302,
        0.07832823087163902
    ],
    "Idealism": [
        0.6492083899278561,
        0.7427190392857215,
        0.840174676146836
    ]
}