{
    "Profile": "Egotist",
    "IDRange": [
        12,
        13
    ],
    "Egotism": [
        0.7791350374113356,
        0.6015369040986992,
        0.5108969277922312
    ],
    "Susceptibility": [
        0.07207924461794915,
        0.19271354784400485,
        0.2673404865940073
    ],
    "Idealism": [
        0.14878571797071527,
        0.20574954805729595,
        0.2217625856137616
    ]
}