{
    "Profile": "Balanced",
    "IDRange": [
        0,
        1,
        2,
        3,
        4,
        5,
        6,
        7,
        8,
        9,
        10,
        11
    ],
    "Egotism": [
        0.2958450580722238,
        0.25551009156436505,
        0.36578903045161737,
        0.3697374023875799,
        0.3290127316622269,
        0.25095013761030005,
        0.2687343687318987,
        0.3064523839345829,
        0.3562635642735504,
        0.25407129424261593,
        0.3451146304568302,
        0.2905184949884085,
        0.28474827207105047
    ],
    "Susceptibility": [
        0.3020617879623644,
        0.26325791138830584,
        0.3033354219675207,
        0.34231296047475257,
        0.2864897250347258,
        0.3463807940907891,
        0.3347745291750223,
        0.31801144208999566,
        0.33330468329066126,
        0.3344648408104409,
        0.35897405235589686,
        0.2998863988119606,
        0.30584591730254784
    ],
    "Idealism": [
        0.40209315396541184,
        0.48123199704732916,
        0.3308755475808619,
        0.2879496371376675,
        0.3844975433030473,
        0.4026690682989109,
        0.3964911020930789,
        0.37553617397542144,
        0.3104317524357884,
        0.41146386494694315,
        0.2959113171872729,
        0.40959510619963085,
        0.4094058106264017
    ]
}