{
    "Profile": "NotIdealist",
    "IDRange": [
        18,
        19
    ],
    "Egotism": [
        0.36430173151422796,
        0.5535000028395416,
        0.6981859307189222
    ],
    "Susceptibility": [
        0.635698268485772,
        0.4464999971604584,
        0.3018140692810778
    ],
    "Idealism": [
        0.0,
        0.0,
        0.0
    ]
}