{
    "Profile": "Susceptible",
    "IDRange": [
        16,
        17
    ],
    "Egotism": [
        0.35629343129697216,
        0.09777984854810719,
        0.0880501269406832
    ],
    "Susceptibility": [
        0.5756790832602151,
        0.819925150506321,
        0.841217623117712
    ],
    "Idealism": [
        0.06802748544281273,
        0.08229500094557184,
        0.07073224994160482
    ]
}