{
    "Profile": "NotEgotist",
    "IDRange": [
        20,
        21
    ],
    "Egotism": [
        0.0,
        0.0,
        0.0
    ],
    "Susceptibility": [
        0.6114742099421991,
        0.6990607083327589,
        0.6396943994307027
    ],
    "Idealism": [
        0.38852579005780086,
        0.30093929166724104,
        0.3603056005692973
    ]
}