{
    "Profile": "Balanced",
    "IDRange": [
        0,
        1
    ],
    "Egotism": [
        0.33433268865253407,
        0.2676274731381942,
        0.26426249420980485
    ],
    "Susceptibility": [
        0.2507803849573494,
        0.3771664616819757,
        0.2896556798982487
    ],
    "Idealism": [
        0.4148869263901166,
        0.35520606517983017,
        0.44608182589194645
    ]
}