{
    "Profile": "Susceptible",
    "IDRange": [
        6,
        7
    ],
    "Egotism": [
        0.24300178599876954,
        0.1347192452771564,
        0.06550310778092894
    ],
    "Susceptibility": [
        0.6837577751653615,
        0.7468518310419728,
        0.8419784967267074
    ],
    "Idealism": [
        0.07324043883586895,
        0.11842892368087077,
        0.09251839549236363
    ]
}