{
    "Profile": "Idealist",
    "IDRange": [
        4,
        5
    ],
    "Egotism": [
        0.0966717469500451,
        0.13078992265837774,
        -0.008776976770195621
    ],
    "Susceptibility": [
        0.13798920476405366,
        0.07974089111986758,
        0.13858445142417194
    ],
    "Idealism": [
        0.7653390482859013,
        0.7894691862217547,
        0.8701925253460236
    ]
}