{
    "Profile": "NotIdealist",
    "IDRange": [
        8,
        9,
        10,
        11,
        12,
        13,
        14,
        15,
        16,
        17,
        18,
        19
    ],
    "Egotism": [
        0.5857659978273673,
        0.4254092514042992,
        0.37854773137607434,
        0.46565265153705615,
        0.49784944124752034,
        0.6607955876686895,
        0.4884227801663167,
        0.48363662222916215,
        0.4113044984830061,
        0.6056192050137791,
        0.4477118625782404,
        0.3104918260362968,
        0.6572485808452156
    ],
    "Susceptibility": [
        0.41423400217263273,
        0.5745907485957008,
        0.6214522686239257,
        0.5343473484629438,
        0.5021505587524797,
        0.3392044123313105,
        0.5115772198336833,
        0.5163633777708379,
        0.5886955015169939,
        0.3943807949862209,
        0.5522881374217596,
        0.6895081739637032,
        0.34275141915478435
    ],
    "Idealism": [
        0.0,
        0.0,
        0.0,
        0.0,
        0.0,
        0.0,
        0.0,
        0.0,
        0.0,
        0.0,
        0.0,
        0.0,
        0.0
    ]
}