{
    "Profile": "NotSusceptible",
    "IDRange": [
        22,
        23
    ],
    "Egotism": [
        0.35817065277869164,
        0.6625207790516234,
        0.5107265203714684
    ],
    "Susceptibility": [
        0.0,
        0.0,
        0.0
    ],
    "Idealism": [
        0.6418293472213084,
        0.3374792209483766,
        0.4892734796285317
    ]
}