{
    "Profile": "Egotist",
    "IDRange": [
        2,
        3
    ],
    "Egotism": [
        0.5322973236082158,
        0.6899757715854322,
        0.5878105100760082
    ],
    "Susceptibility": [
        0.21624082353110552,
        0.1007965705894483,
        0.30074182960127555
    ],
    "Idealism": [
        0.2514618528606787,
        0.20922765782511954,
        0.11144766032271625
    ]
}