{
    "Profile": "NotEgotist",
    "IDRange": [
        20,
        21
    ],
    "Egotism": [
        0.0,
        0.0,
        0.0
    ],
    "Susceptibility": [
        0.5043523767051258,
        0.6219395844727893,
        0.5053161473195038
    ],
    "Idealism": [
        0.4956476232948742,
        0.3780604155272107,
        0.4946838526804962
    ]
}