{
    "Profile": "NotIdealist",
    "IDRange": [
        72,
        73,
        74,
        75,
        76,
        77,
        78,
        79
    ],
    "Egotism": [
        0.6389396607306508,
        0.40983536647111174,
        0.5879103418016126,
        0.3039078366598827,
        0.5954744417457921,
        0.6992921075451408,
        0.620771388618605,
        0.48172353034364734,
        0.6424625758561022
    ],
    "Susceptibility": [
        0.3610603392693492,
        0.5901646335288883,
        0.4120896581983874,
        0.6960921633401174,
        0.4045255582542079,
        0.3007078924548592,
        0.37922861138139496,
        0.5182764696563527,
        0.3575374241438978
    ],
    "Idealism": [
        0.0,
        0.0,
        0.0,
        0.0,
        0.0,
        0.0,
        0.0,
        0.0,
        0.0
    ]
}