{
    "Profile": "NotSusceptible",
    "IDRange": [
        88,
        89,
        90,
        91,
        92,
        93,
        94,
        95
    ],
    "Egotism": [
        0.5677966193928745,
        0.3562793859945952,
        0.3378917414789129,
        0.56396867627334,
        0.40819926920354366,
        0.5425412036049304,
        0.6905380283300513,
        0.6835960842532856,
        0.6234514193652878
    ],
    "Susceptibility": [
        0.0,
        0.0,
        0.0,
        0.0,
        0.0,
        0.0,
        0.0,
        0.0,
        0.0
    ],
    "Idealism": [
        0.4322033806071255,
        0.6437206140054048,
        0.6621082585210871,
        0.4360313237266599,
        0.5918007307964563,
        0.4574587963950696,
        0.30946197166994865,
        0.31640391574671445,
        0.3765485806347122
    ]
}