{
    "Profile": "Egotist",
    "IDRange": [
        48,
        49,
        50,
        51,
        52,
        53,
        54,
        55
    ],
    "Egotism": [
        0.643280094249073,
        0.5957856581386403,
        0.6039550916219354,
        0.8760557287849716,
        0.6368494815794054,
        0.6427703876195845,
        0.6031492218722595,
        0.5084460647193746,
        0.8818404764270897
    ],
    "Susceptibility": [
        0.07832397656238321,
        0.05844061960226799,
        0.34203030597827383,
        0.06942737460084308,
        0.07216719049518194,
        0.21299103169731726,
        0.33381756676659374,
        0.09019309946767431,
        0.061879950874969794
    ],
    "Idealism": [
        0.27839592918854383,
        0.34577372225909175,
        0.05401460239979072,
        0.05451689661418524,
        0.2909833279254127,
        0.14423858068309825,
        0.06303321136114681,
        0.4013608358129511,
        0.05627957269794048
    ]
}