{
    "Profile": "Susceptible",
    "IDRange": [
        64,
        65,
        66,
        67,
        68,
        69,
        70,
        71
    ],
    "Egotism": [
        0.07855505323428764,
        0.235522072110533,
        0.12504330054662371,
        0.08262025700547664,
        0.17876118747735642,
        0.254055727369824,
        0.05550371148583935,
        0.07374250201708454,
        0.05104458071458298
    ],
    "Susceptibility": [
        0.7209333919039881,
        0.6042570321997021,
        0.7363425872217508,
        0.805946114977202,
        0.6075269094942579,
        0.5402709636286521,
        0.8569956157565306,
        0.6979387824199965,
        0.8981686222471286
    ],
    "Idealism": [
        0.20051155486172428,
        0.16022089568976494,
        0.13861411223162545,
        0.11143362801732133,
        0.21371190302838566,
        0.20567330900152386,
        0.08750067275763004,
        0.22831871556291894,
        0.05078679703828845
    ]
}