{
    "Profile": "Balanced",
    "IDRange": [
        0,
        1,
        2,
        3,
        4,
        5,
        6,
        7,
        8,
        9,
        10,
        11,
        12,
        13,
        14,
        15,
        16,
        17,
        18,
        19,
        20,
        21,
        22,
        23,
        24,
        25,
        26,
        27,
        28,
        29,
        30,
        31,
        32,
        33,
        34,
        35,
        36,
        37,
        38,
        39,
        40,
        41,
        42,
        43,
        44,
        45,
        46,
        47
    ],
    "Egotism": [
        0.2745564813648702,
        0.33669899760353955,
        0.35041419347980424,
        0.27136154283484487,
        0.30302816379788244,
        0.3114961216124043,
        0.377287688859119,
        0.28496227299777305,
        0.37750180258566335,
        0.2909412530545096,
        0.33480388046743187,
        0.2645785925727058,
        0.34867417726653027,
        0.28305927470765113,
        0.3751977645124326,
        0.2812979315167825,
        0.2959509792518633,
        0.34284051651327907,
        0.36640843115464383,
        0.3704995995386712,
        0.29247203829673885,
        0.2778382523417224,
        0.2761149069911373,
        0.27393044197036265,
        0.3071888871879307,
        0.25601494276462533,
        0.2809838510922731,
        0.37027753207245007,
        0.37707711844773784,
        0.2917117173735791,
        0.2698310598713301,
        0.25155383683663224,
        0.27778210547254334,
        0.26746210171085705,
        0.35361043494093664,
        0.37401290999948944,
        0.3292359338447554,
        0.29647433755934216,
        0.32610925083682085,
        0.3044578756015797,
        0.3430074632388929,
        0.3407150514991468,
        0.2933569971921449,
        0.2986858987348399,
        0.29587385621038254,
        0.32078061862161833,
        0.30466348325348763,
        0.34378259703510516,
        0.2873095912681567
    ],
    "Susceptibility": [
        0.30707718422430563,
        0.34286909767807,
        0.29366558414324495,
        0.3723711266170767,
        0.3225367225173542,
        0.32040089179948805,
        0.36535485784528465,
        0.2860885814275392,
        0.25645844630764175,
        0.25498298674609965,
        0.3664624179519229,
        0.25124730968308046,
        0.36271548988844654,
        0.3639892884928662,
        0.3532216483233255,
        0.2714618621028797,
        0.37231901697544806,
        0.3098945941480403,
        0.2814488798655844,
        0.35086981426450503,
        0.3583712546392532,
        0.2734932320700103,
        0.33062893281504724,
        0.3257586923486161,
        0.25391567482338046,
        0.3569459802544069,
        0.25943333578411115,
        0.3455199563606094,
        0.2542373141830372,
        0.3410083603079414,
        0.33904535848426937,
        0.2692158725301919,
        0.27331602332810223,
        0.36579634185694937,
        0.33553914033727017,
        0.28678732963854925,
        0.3145004912759428,
        0.2660168168755486,
        0.2741223435230644,
        0.25249104473632106,
        0.37362232217784375,
        0.34922531578962906,
        0.3303386237364301,
        0.26585230538157356,
        0.2801116033740372,
        0.27607873403738575,
        0.3227192076086629,
        0.2694976313801816,
        0.3757742729144802
    ],
    "Idealism": [
        0.41836633441082416,
        0.3204319047183905,
        0.3559202223769508,
        0.3562673305480784,
        0.37443511368476334,
        0.36810298658810764,
        0.25735745329559634,
        0.42894914557468783,
        0.36603975110669484,
        0.4540757601993908,
        0.2987337015806452,
        0.4841740977442137,
        0.28861033284502313,
        0.3529514367994827,
        0.27158058716424194,
        0.4472402063803378,
        0.3317300037726887,
        0.3472648893386806,
        0.35214268897977175,
        0.2786305861968238,
        0.3491567070640079,
        0.4486685155882673,
        0.3932561601938155,
        0.40031086568102126,
        0.4388954379886889,
        0.38703907698096784,
        0.4595828131236157,
        0.28420251156694054,
        0.368685567369225,
        0.36727992231847945,
        0.3911235816444005,
        0.4792302906331759,
        0.44890187119935443,
        0.3667415564321935,
        0.3108504247217932,
        0.3391997603619613,
        0.35626357487930177,
        0.4375088455651093,
        0.39976840564011473,
        0.44305107966209917,
        0.28337021458326334,
        0.31005963271122416,
        0.376304379071425,
        0.4354617958835865,
        0.4240145404155803,
        0.40314064734099586,
        0.37261730913784946,
        0.38671977158471327,
        0.3369161358173631
    ]
}