{
    "Profile": "Idealist",
    "IDRange": [
        56,
        57,
        58,
        59,
        60,
        61,
        62,
        63
    ],
    "Egotism": [
        0.10602460827714622,
        0.16171199795810665,
        0.1202963766003049,
        0.04750377178672971,
        0.17601927871505374,
        0.2097199618764659,
        0.1410472829842877,
        0.11260300445529348,
        0.24902888411645352
    ],
    "Susceptibility": [
        0.1246753368440375,
        0.154478954839423,
        0.14966623068420554,
        0.05658765280022318,
        0.17903815947462448,
        0.2044888968144719,
        0.09333545672974312,
        0.11958635424665641,
        0.21935816954056728
    ],
    "Idealism": [
        0.7693000548788163,
        0.6838090472024704,
        0.7300373927154895,
        0.8959085754130471,
        0.6449425618103218,
        0.5857911413090622,
        0.7656172602859692,
        0.7678106412980501,
        0.5316129463429792
    ]
}