{
    "Profile": "NotEgotist",
    "IDRange": [
        80,
        81,
        82,
        83,
        84,
        85,
        86,
        87
    ],
    "Egotism": [
        0.0,
        0.0,
        0.0,
        0.0,
        0.0,
        0.0,
        0.0,
        0.0,
        0.0
    ],
    "Susceptibility": [
        0.47941201814179646,
        0.5551773741069249,
        0.6729416253385689,
        0.6203787871091464,
        0.5699836959775098,
        0.5992923444222608,
        0.6699520659936449,
        0.6593708183103768,
        0.6648200488222159
    ],
    "Idealism": [
        0.5205879818582035,
        0.4448226258930751,
        0.3270583746614311,
        0.3796212128908536,
        0.43001630402249025,
        0.40070765557773924,
        0.3300479340063551,
        0.34062918168962314,
        0.3351799511777841
    ]
}