{
    "Profile": "Balanced",
    "IDRange": [],
    "Egotism": [
        0.29955169937701565
    ],
    "Susceptibility": [
        0.27125265496533457
    ],
    "Idealism": [
        0.4291956456576498
    ]
}