{
    "Profile": "NotSusceptible",
    "IDRange": [
        25,
        26,
        27,
        28,
        29
    ],
    "Egotism": [
        0.34199171388533633,
        0.5435875242103096,
        0.3426703742142767,
        0.6038244603274534,
        0.5314826009881375,
        0.41329543444548955
    ],
    "Susceptibility": [
        0.0,
        0.0,
        0.0,
        0.0,
        0.0,
        0.0
    ],
    "Idealism": [
        0.6580082861146637,
        0.4564124757896903,
        0.6573296257857233,
        0.3961755396725466,
        0.4685173990118625,
        0.5867045655545104
    ]
}