{
    "Profile": "Idealist",
    "IDRange": [
        5,
        6,
        7,
        8,
        9
    ],
    "Egotism": [
        0.22680447693050299,
        0.2523163315960596,
        0.15097113817142638,
        0.1860350775627243,
        0.08871868733740884,
        0.17676499645214028
    ],
    "Susceptibility": [
        0.1605405193318895,
        0.24057383839510027,
        0.2712779718422157,
        0.17994427092960294,
        0.03639024735023583,
        0.16689857715525605
    ],
    "Idealism": [
        0.6126550037376075,
        0.5071098300088401,
        0.5777508899863579,
        0.6340206515076727,
        0.8748910653123554,
        0.6563364263926037
    ]
}