{
    "Profile": "Egotist",
    "IDRange": [
        0,
        1,
        2,
        3,
        4
    ],
    "Egotism": [
        0.8406747472299512,
        0.6304272999193173,
        0.7008571039911007,
        0.7255411442248464,
        0.6421865576431999,
        0.5123065381409169
    ],
    "Susceptibility": [
        0.09576875513091754,
        0.19297432628850242,
        0.17626350377078281,
        0.09633811754173371,
        0.15996738097419294,
        0.33334035585127225
    ],
    "Idealism": [
        0.06355649763913129,
        0.17659837379218024,
        0.1228793922381165,
        0.1781207382334199,
        0.19784606138260719,
        0.15435310600781094
    ]
}