{
    "Profile": "Susceptible",
    "IDRange": [
        10,
        11,
        12,
        13,
        14
    ],
    "Egotism": [
        0.256008300319096,
        0.07223561645388084,
        0.2853594545947922,
        0.11557114082048851,
        0.10336779365391326,
        0.05548909042900527
    ],
    "Susceptibility": [
        0.5251589313453813,
        0.8686989322262866,
        0.625859862185153,
        0.6979912397668873,
        0.8031875634001977,
        0.8934582350642439
    ],
    "Idealism": [
        0.21883276833552273,
        0.05906545131983258,
        0.08878068322005483,
        0.1864376194126242,
        0.09344464294588904,
        0.0510526745067508
    ]
}