{
    "Profile": "NotEgotist",
    "IDRange": [
        20,
        21,
        22,
        23,
        24
    ],
    "Egotism": [
        0.0,
        0.0,
        0.0,
        0.0,
        0.0,
        0.0
    ],
    "Susceptibility": [
        0.4537070169522006,
        0.5467488787709189,
        0.5124572290446954,
        0.3575440306554013,
        0.6974530125229805,
        0.5886404009201689
    ],
    "Idealism": [
        0.5462929830477994,
        0.45325112122908107,
        0.4875427709553046,
        0.6424559693445987,
        0.3025469874770194,
        0.4113595990798311
    ]
}