{
    "Profile": "NotIdealist",
    "IDRange": [
        15,
        16,
        17,
        18,
        19
    ],
    "Egotism": [
        0.3553084541640627,
        0.6636932787927203,
        0.5619954348594676,
        0.3426790157505571,
        0.6437208865864257,
        0.35951862308313176
    ],
    "Susceptibility": [
        0.6446915458359372,
        0.33630672120727967,
        0.43800456514053243,
        0.657320984249443,
        0.3562791134135743,
        0.6404813769168682
    ],
    "Idealism": [
        0.0,
        0.0,
        0.0,
        0.0,
        0.0,
        0.0
    ]
}