{
    "Profile": "Idealist",
    "IDRange": [
        4,
        5,
        6,
        7,
        8,
        9,
        10,
        11,
        12,
        13,
        14,
        15,
        16,
        17,
        18,
        19,
        20,
        21,
        22,
        23,
        24,
        25,
        26,
        27
    ],
    "Egotism": [
        0.1743309509859119,
        0.2782375340460952,
        0.16126042421203546,
        0.2571083430958301,
        0.14949678632855745,
        0.15095173524346728,
        0.16427579325116493,
        0.12979681010252497,
        0.07144773636519308,
        0.036976607346139834,
        0.1271924519593033,
        0.1417153493208133,
        0.2499451990341509,
        0.1216774498243437,
        0.15126963310893182,
        0.013048806399781454,
        0.14861860034252672,
        0.15822811537860482,
        0.12118842280874076,
        0.2063332575483665,
        0.1898617871879732,
        0.15804709053827404,
        0.07207588964908651,
        0.15914782012162865,
        0.08031779524579374
    ],
    "Susceptibility": [
        0.30738062959683876,
        0.16153736252003956,
        0.3264637917286283,
        0.15248566778723982,
        0.1499062849170854,
        0.15962601206713858,
        0.2844742360192956,
        0.13068596541492342,
        0.14624083080889302,
        0.14113826865313006,
        0.14372053945955454,
        0.12051982412083304,
        0.1815716639865258,
        0.08715304054154432,
        0.15112419579066388,
        0.10931133936298706,
        0.14064973076419415,
        0.15743917342479422,
        0.12701012419908148,
        0.162057512513221,
        0.18011876157227347,
        0.20834872719895328,
        0.041282026321318235,
        0.1791432532394557,
        0.09970117705901796
    ],
    "Idealism": [
        0.5182884194172493,
        0.5602251034338652,
        0.5122757840593362,
        0.5904059891169301,
        0.7005969287543572,
        0.6894222526893942,
        0.5512499707295395,
        0.7395172244825516,
        0.7823114328259139,
        0.8218851240007301,
        0.7290870085811422,
        0.7377648265583536,
        0.5684831369793233,
        0.7911695096341119,
        0.6976061711004042,
        0.8776398542372315,
        0.7107316688932791,
        0.684332711196601,
        0.7518014529921777,
        0.6316092299384125,
        0.6300194512397533,
        0.6336041822627727,
        0.8866420840295952,
        0.6617089266389157,
        0.8199810276951883
    ]
}