{
    "Profile": "Balanced",
    "IDRange": [
        0,
        1
    ],
    "Egotism": [
        0.36456348175501235,
        0.27400058115776893,
        0.2545183705845553
    ],
    "Susceptibility": [
        0.3119203276494652,
        0.2774882859436229,
        0.3724311015071528
    ],
    "Idealism": [
        0.32351619059552245,
        0.4485111328986081,
        0.37305052790829185
    ]
}