{
    "Profile": "NotEgotist",
    "IDRange": [
        32,
        33
    ],
    "Egotism": [
        0.0,
        0.0,
        0.0
    ],
    "Susceptibility": [
        0.6112286709045037,
        0.6075425538797992,
        0.5914954149491951
    ],
    "Idealism": [
        0.3887713290954963,
        0.3924574461202008,
        0.40850458505080484
    ]
}