{
    "Profile": "NotSusceptible",
    "IDRange": [
        34,
        35
    ],
    "Egotism": [
        0.36146017207876757,
        0.47929740569403134,
        0.6517944470346332
    ],
    "Susceptibility": [
        0.0,
        0.0,
        0.0
    ],
    "Idealism": [
        0.6385398279212324,
        0.5207025943059687,
        0.3482055529653668
    ]
}