{
    "Profile": "NotIdealist",
    "IDRange": [
        30,
        31
    ],
    "Egotism": [
        0.6640326789273077,
        0.3859307659854582,
        0.38722439787680696
    ],
    "Susceptibility": [
        0.33596732107269234,
        0.6140692340145417,
        0.612775602123193
    ],
    "Idealism": [
        0.0,
        0.0,
        0.0
    ]
}