{
    "Profile": "Susceptible",
    "IDRange": [
        28,
        29
    ],
    "Egotism": [
        0.06921115910678542,
        0.08195790522357878,
        0.20579775390447214
    ],
    "Susceptibility": [
        0.8509204562562663,
        0.7792429962977749,
        0.6797823388084409
    ],
    "Idealism": [
        0.07986838463694824,
        0.1387990984786463,
        0.11441990728708701
    ]
}