{
    "Profile": "Egotist",
    "IDRange": [
        2,
        3
    ],
    "Egotism": [
        0.7193979164451186,
        0.5539581591231608,
        0.6973292001310906
    ],
    "Susceptibility": [
        0.1496045448588661,
        0.05495089918015411,
        0.06395671695147143
    ],
    "Idealism": [
        0.13099753869601527,
        0.391090941696685,
        0.238714082917438
    ]
}