{
    "Profile": "Egotist",
    "IDRange": [
        2,
        3
    ],
    "Egotism": [
        0.863559397911415,
        0.515807601412016,
        0.5321249342957334
    ],
    "Susceptibility": [
        0.05983806373276896,
        0.05287183486898755,
        0.4054188769418222
    ],
    "Idealism": [
        0.07660253835581599,
        0.4313205637189965,
        0.06245618876244441
    ]
}