{
    "Profile": "NotEgotist",
    "IDRange": [
        32,
        33
    ],
    "Egotism": [
        0.0,
        0.0,
        0.0
    ],
    "Susceptibility": [
        0.6854511681869226,
        0.6395875167495382,
        0.40798413731181227
    ],
    "Idealism": [
        0.3145488318130774,
        0.36041248325046177,
        0.5920158626881877
    ]
}