{
    "Profile": "Balanced",
    "IDRange": [
        0,
        1
    ],
    "Egotism": [
        0.3705787765213268,
        0.35027981772809846,
        0.37624296089708487
    ],
    "Susceptibility": [
        0.34709751268604366,
        0.2855114599662627,
        0.3292410110107568
    ],
    "Idealism": [
        0.2823237107926296,
        0.36420872230563883,
        0.29451602809215827
    ]
}