{
    "Profile": "NotSusceptible",
    "IDRange": [
        34,
        35
    ],
    "Egotism": [
        0.3750128210370255,
        0.45907813939747133,
        0.3595394033660163
    ],
    "Susceptibility": [
        0.0,
        0.0,
        0.0
    ],
    "Idealism": [
        0.6249871789629745,
        0.5409218606025287,
        0.6404605966339837
    ]
}