{
    "Profile": "Idealist",
    "IDRange": [
        4,
        5
    ],
    "Egotism": [
        0.24186497402658202,
        0.12399009530428184,
        0.15623812438786322
    ],
    "Susceptibility": [
        0.20927693871775163,
        0.0899641935271527,
        0.26151023435473225
    ],
    "Idealism": [
        0.5488580872556663,
        0.7860457111685655,
        0.5822516412574046
    ]
}