{
    "Profile": "Susceptible",
    "IDRange": [
        6,
        7
    ],
    "Egotism": [
        0.14200752953674128,
        0.26025228722271804,
        0.22246660077452085
    ],
    "Susceptibility": [
        0.7715501951012587,
        0.6073433959570713,
        0.722139559209169
    ],
    "Idealism": [
        0.08644227536200005,
        0.13240431682021064,
        0.0553938400163102
    ]
}