{
    "Profile": "NotIdealist",
    "IDRange": [
        8,
        9,
        10,
        11,
        12,
        13,
        14,
        15,
        16,
        17,
        18,
        19,
        20,
        21,
        22,
        23,
        24,
        25,
        26,
        27,
        28,
        29,
        30,
        31
    ],
    "Egotism": [
        0.35802086482462697,
        0.41443054750642644,
        0.672843563226865,
        0.42355178135534866,
        0.6516218236142814,
        0.46758257185003527,
        0.5930659405176397,
        0.450300246665609,
        0.4420083497838678,
        0.5594085742990528,
        0.5178256190113291,
        0.6844304184676182,
        0.47876796877832006,
        0.6682737418399393,
        0.5832615802293369,
        0.6033859778156805,
        0.5817595695372093,
        0.3550033366681753,
        0.3767787323058685,
        0.507792062046935,
        0.4273085747032279,
        0.6161264404099047,
        0.6908521447689124,
        0.459273000638566,
        0.4506006840639023
    ],
    "Susceptibility": [
        0.641979135175373,
        0.5855694524935735,
        0.327156436773135,
        0.5764482186446513,
        0.34837817638571855,
        0.5324174281499647,
        0.4069340594823603,
        0.549699753334391,
        0.5579916502161322,
        0.4405914257009472,
        0.48217438098867094,
        0.3155695815323818,
        0.5212320312216799,
        0.33172625816006074,
        0.41673841977066306,
        0.3966140221843195,
        0.4182404304627907,
        0.6449966633318247,
        0.6232212676941316,
        0.49220793795306494,
        0.5726914252967721,
        0.3838735595900953,
        0.30914785523108756,
        0.540726999361434,
        0.5493993159360977
    ],
    "Idealism": [
        0.0,
        0.0,
        0.0,
        0.0,
        0.0,
        0.0,
        0.0,
        0.0,
        0.0,
        0.0,
        0.0,
        0.0,
        0.0,
        0.0,
        0.0,
        0.0,
        0.0,
        0.0,
        0.0,
        0.0,
        0.0,
        0.0,
        0.0,
        0.0,
        0.0
    ]
}