{
    "Profile": "Susceptible",
    "IDRange": [
        6,
        7
    ],
    "Egotism": [
        0.1955337774498438,
        0.12583963637058584,
        0.23146233066271038
    ],
    "Susceptibility": [
        0.6520660697139768,
        0.780358115890619,
        0.5529244866645489
    ],
    "Idealism": [
        0.15240015283617936,
        0.09380224773879517,
        0.21561318267274077
    ]
}