{
    "Profile": "Balanced",
    "IDRange": [
        0,
        1
    ],
    "Egotism": [
        0.36640718155542584,
        0.32053018127202537,
        0.2510620749319406
    ],
    "Susceptibility": [
        0.35621762638522403,
        0.27480225611865633,
        0.33953838414028015
    ],
    "Idealism": [
        0.27737519205935013,
        0.40466756260931835,
        0.40939954092777925
    ]
}