{
    "Profile": "NotSusceptible",
    "IDRange": [
        12,
        13,
        14,
        15,
        16,
        17,
        18,
        19,
        20,
        21,
        22,
        23
    ],
    "Egotism": [
        0.4638711433440663,
        0.4448427929962052,
        0.624106464767139,
        0.4762001773969582,
        0.3496888223722594,
        0.4213452453245692,
        0.4300087214978998,
        0.3450368272398807,
        0.6448408528761805,
        0.6778553382846617,
        0.39246812395528496,
        0.65064843973716,
        0.6208500190988965
    ],
    "Susceptibility": [
        0.0,
        0.0,
        0.0,
        0.0,
        0.0,
        0.0,
        0.0,
        0.0,
        0.0,
        0.0,
        0.0,
        0.0,
        0.0
    ],
    "Idealism": [
        0.5361288566559337,
        0.5551572070037948,
        0.37589353523286095,
        0.5237998226030418,
        0.6503111776277406,
        0.5786547546754308,
        0.5699912785021002,
        0.6549631727601193,
        0.35515914712381946,
        0.3221446617153383,
        0.607531876044715,
        0.34935156026284,
        0.3791499809011035
    ]
}