{
    "Profile": "Idealist",
    "IDRange": [
        4,
        5
    ],
    "Egotism": [
        0.16622561215006348,
        0.14876063892611024,
        0.13504654571068864
    ],
    "Susceptibility": [
        0.15503388186865516,
        0.09388835599384925,
        0.14907399796709503
    ],
    "Idealism": [
        0.6787405059812813,
        0.7573510050800405,
        0.7158794563222164
    ]
}