{
    "Profile": "NotEgotist",
    "IDRange": [
        10,
        11
    ],
    "Egotism": [
        0.0,
        0.0,
        0.0
    ],
    "Susceptibility": [
        0.3337782035741397,
        0.4226889605710412,
        0.39052107183548757
    ],
    "Idealism": [
        0.6662217964258603,
        0.5773110394289588,
        0.6094789281645124
    ]
}