{
    "Profile": "NotIdealist",
    "IDRange": [
        8,
        9
    ],
    "Egotism": [
        0.4161566204773639,
        0.43626624413720166,
        0.584955044165328
    ],
    "Susceptibility": [
        0.5838433795226361,
        0.5637337558627984,
        0.41504495583467205
    ],
    "Idealism": [
        0.0,
        0.0,
        0.0
    ]
}