{
    "Profile": "Egotist",
    "IDRange": [
        2,
        3
    ],
    "Egotism": [
        0.637813255147709,
        0.8773364745040275,
        0.7703236514775456
    ],
    "Susceptibility": [
        0.10763271806601207,
        0.06589148008481144,
        0.1219577013680072
    ],
    "Idealism": [
        0.2545540267862789,
        0.0567720454111611,
        0.10771864715444723
    ]
}