{
    "Profile": "Balanced",
    "IDRange": [],
    "Egotism": [
        0.29729865906504
    ],
    "Susceptibility": [
        0.3420810640562352
    ],
    "Idealism": [
        0.36062027687872483
    ]
}