{
    "Profile": "NotSusceptible",
    "IDRange": [],
    "Egotism": [
        0.6120525746715555
    ],
    "Susceptibility": [
        0.0
    ],
    "Idealism": [
        0.3879474253284445
    ]
}