{
    "Profile": "NotEgotist",
    "IDRange": [],
    "Egotism": [
        0.0
    ],
    "Susceptibility": [
        0.470381914697256
    ],
    "Idealism": [
        0.529618085302744
    ]
}