{
    "Profile": "Susceptible",
    "IDRange": [
        20,
        21,
        22,
        23,
        24,
        25,
        26,
        27,
        28,
        29
    ],
    "Egotism": [
        0.08679384828613172,
        0.14250840357596267,
        0.06436578874414561,
        0.05079812856999844,
        0.23626172033377657,
        0.10199677474513116,
        0.11415255691341289,
        0.10758222191986111,
        0.10175977597401886,
        0.25476807241112254,
        0.0791676804877085
    ],
    "Susceptibility": [
        0.8624297563653278,
        0.698266345003034,
        0.880146621424861,
        0.8908477887206174,
        0.5607998688796759,
        0.8186458687434199,
        0.6330000255026673,
        0.6986357272645245,
        0.721271687671025,
        0.6473314237402558,
        0.8203481335764524
    ],
    "Idealism": [
        0.05077639534854046,
        0.15922525142100336,
        0.05548758983099339,
        0.05835408270938413,
        0.2029384107865475,
        0.0793573565114489,
        0.2528474175839198,
        0.1937820508156144,
        0.17696853635495613,
        0.0979005038486217,
        0.10048418593583908
    ]
}