{
    "Profile": "NotIdealist",
    "IDRange": [],
    "Egotism": [
        0.5241832290448039
    ],
    "Susceptibility": [
        0.47581677095519614
    ],
    "Idealism": [
        0.0
    ]
}