{
    "Profile": "Egotist",
    "IDRange": [
        0,
        1,
        2,
        3,
        4,
        5,
        6,
        7,
        8,
        9
    ],
    "Egotism": [
        0.5668563212184546,
        0.6993765003044468,
        0.653092641906909,
        0.8525737757532212,
        0.6972382693645736,
        0.8084415312617494,
        0.5287294007855099,
        0.6265951759879418,
        0.7448729639352556,
        0.8240299487533673,
        0.6667987137842013
    ],
    "Susceptibility": [
        0.37864294011407934,
        0.1810010926571723,
        0.1076942904282942,
        0.05126465239139804,
        0.10237804365778697,
        0.12345379181478196,
        0.3452625982827687,
        0.10654840856142606,
        0.07129768827638336,
        0.1072450732293013,
        0.10928363054156819
    ],
    "Idealism": [
        0.054500738667465964,
        0.1196224070383809,
        0.23921306766479677,
        0.09616157185538077,
        0.20038368697763942,
        0.06810467692346855,
        0.1260080009317215,
        0.2668564154506321,
        0.18382934778836102,
        0.06872497801733135,
        0.2239176556742305
    ]
}