{
    "Profile": "Idealist",
    "IDRange": [
        10,
        11,
        12,
        13,
        14,
        15,
        16,
        17,
        18,
        19
    ],
    "Egotism": [
        0.1549977518640998,
        0.1507726515289266,
        0.1396161098789277,
        0.12440339550694268,
        0.019940839481231043,
        0.11421082192228449,
        0.2037134159456182,
        0.11962286645995923,
        0.14174726468830556,
        0.1150114871324911,
        0.15881463938663232
    ],
    "Susceptibility": [
        0.1563107459686094,
        0.1691522660113952,
        0.11766852917646164,
        0.14438322461065153,
        0.10535153425588353,
        0.03768845292447358,
        0.2449112809154525,
        0.11458582383605193,
        0.14804929613458734,
        0.13292660772190557,
        0.2085068441769966
    ],
    "Idealism": [
        0.6886915021672908,
        0.6800750824596782,
        0.7427153609446107,
        0.7312133798824058,
        0.8747076262628855,
        0.848100725153242,
        0.5513753031389292,
        0.7657913097039888,
        0.710203439177107,
        0.7520619051456033,
        0.6326785164363711
    ]
}